,prediction,actual,id
0,1.0,True,7035862
1,0.9691666666666666,True,7311006
2,0.9933333333333333,True,3335713
3,0.8983333333333334,True,6770567
4,0.95,True,7938906
5,0.9891666666666667,True,6795757
6,0.9133333333333333,True,7606420
7,0.9516666666666667,True,7340853
8,0.9975,True,7213503
9,0.9966666666666667,True,7192925
10,0.99,True,6951493
11,0.9883333333333333,True,6826846
12,0.9575,True,6797147
13,0.9908333333333332,True,6614616
14,0.96,True,6550161
15,0.9474999999999999,True,6556687
16,0.9333333333333335,True,6507881
17,0.9658333333333334,True,6416020
18,1.0,True,6396582
19,0.9849999999999999,True,6332215
20,0.9983333333333334,True,6296284
21,0.9983333333333333,True,6217359
22,0.9025,True,6148174
23,0.9908333333333335,True,6114396
24,1.0,True,6083523
25,0.9675,True,6052290
26,0.9783333333333336,True,5978823
27,1.0,True,5917254
28,0.333333333333334,True,5851917
29,1.0,True,5841593
30,0.9875,True,5846754
31,0.9508333333333333,True,5798136
32,0.8983333333333333,True,5780761
33,0.9983333333333334,True,5746142
34,0.9966666666666667,True,5571695
35,0.9783333333333334,True,5494873
36,0.9916666666666666,True,5469767
37,0.9333333333333332,True,5472147
38,0.9908333333333332,True,5396402
39,1.0,True,5386219
40,0.9883333333333333,True,5308271
41,0.9616666666666667,True,5343080
42,0.9766666666666666,True,5299312
43,1.0,True,5226144
44,0.9966666666666667,True,5071663
45,0.9883333333333333,True,5171821
46,0.9825,True,5112671
47,0.9966666666666667,True,5070173
48,0.9983333333333333,True,4602219
49,1.0,True,5042290
50,0.9975,True,4909878
51,0.9358333333333333,True,4871462
52,0.9983333333333334,True,4764719
53,0.9966666666666666,True,4775118
54,0.9975,True,4754125
55,0.9233333333333333,True,4738703
56,0.985,True,4724793
57,0.9325,True,4694966
58,0.9649999999999997,True,3804873
59,0.965,True,1280671
60,0.9766666666666666,True,4621436
61,0.7233333333333328,True,4587239
62,0.9641666666666664,True,4486087
63,0.9683333333333333,True,4514270
64,0.8850000000000001,True,4444971
65,0.9683333333333334,True,4368709
66,0.9875,True,4214808
67,0.8991666666666666,True,4086589
68,1.0,True,3912148
69,0.9975,True,3833071
70,0.9775000000000001,True,3337667
71,0.9908333333333335,True,3424027
72,1.0,True,3211029
73,0.9966666666666667,True,3208357
74,0.9933333333333333,True,2732585
75,0.9791666666666667,True,2633677
76,0.975,True,2840190
77,0.9658333333333333,True,2064874
78,0.9099999999999997,True,2787151
79,0.9883333333333333,True,2742218
80,0.8875000000000002,True,2732649
81,0.9925,True,2101393
82,0.9983333333333333,True,2367866
83,0.99,True,2109792
84,1.0,True,2109844
85,0.9983333333333333,True,2048423
86,0.9391666666666666,True,1898064
87,0.8266666666666669,True,1402736
88,0.9525,True,1759742
89,1.0,True,1862652
90,0.805,True,1690828
91,0.9383333333333335,True,1560024
92,1.0,True,1646641
93,0.9733333333333333,True,1614409
94,0.9141666666666662,True,1600042
95,0.9674999999999998,True,1601397
96,0.9849999999999999,True,1383267
97,0.9799999999999999,True,1033839
98,0.97,True,1343436
99,0.9758333333333334,True,1323207
100,0.9766666666666666,True,1143257
101,0.9308333333333336,True,551872
102,0.9933333333333334,True,3455439
103,0.7066666666666666,True,4031908
104,0.9733333333333333,True,6091409
105,0.8891666666666667,True,3001494
106,0.9366666666666664,True,5550432
107,0.9849999999999999,True,4124215
108,0.9466666666666665,True,1362042
109,1.0,True,4259441
110,0.9966666666666667,True,2340708
111,0.9258333333333334,True,1269588
112,0.9391666666666663,True,2842825
113,0.9525,True,7999920
114,1.0,True,6721658
115,0.9716666666666666,True,5128030
116,0.8466666666666662,True,4971957
117,0.9458333333333335,True,6521874
118,0.9349999999999998,True,5312173
119,0.6183333333333337,True,7476569
120,0.9783333333333333,True,7199337
121,0.9983333333333334,True,1540796
122,0.9925,True,8725279
123,0.9558333333333333,True,8722594
124,0.9966666666666666,True,8050741
125,0.2857142857142851,True,4735150
126,0.9533333333333331,True,6545016
127,0.9733333333333332,True,4874828
128,1.0,True,8605256
129,0.8716666666666661,True,7192150
130,0.9250000000000002,True,5215521
131,0.873333333333333,True,8534251
132,0.9200000000000002,True,6814570
133,0.9758333333333333,True,2143609
134,0.9499999999999997,True,6412008
135,0.9925,True,908460
136,0.9633333333333334,True,2652627
137,0.6166666666666657,True,8258467
138,0.9966666666666666,True,4263629
139,0.9408333333333333,True,1430272
140,0.9091666666666666,True,669759
141,0.9975,True,8148005
142,1.0,True,6528968
143,0.9800000000000001,True,1969410
144,1.0,True,8156850
145,0.9825,True,8145391
146,0.9933333333333333,True,8151566
147,1.0,True,8120498
148,1.0,True,5696556
149,0.9958333333333335,True,8037545
150,0.9375,True,7976490
151,0.8566666666666666,True,7912483
152,0.9891666666666665,True,7104968
153,0.879166666666667,True,4438598
154,0.9233333333333333,True,6779845
155,0.8449999999999999,True,4606378
156,0.985,True,5405914
157,0.9533333333333333,True,7796899
158,0.9791666666666665,True,3577635
159,1.0,True,3176106
160,0.9983333333333333,True,5438659
161,0.9866666666666667,True,7728951
162,0.99,True,7701111
163,0.9716666666666667,True,4381619
164,0.9941666666666668,True,5630001
165,0.9391666666666666,True,7635171
166,0.9825,True,1806096
167,1.0,True,7609074
168,0.9249999999999998,True,7466884
169,0.9975,True,3359885
170,0.9966666666666667,True,7598795
171,0.9708333333333333,True,7574499
172,0.9975,True,4241294
173,0.9983333333333334,True,1601073
174,0.985,True,7559222
175,0.9733333333333333,True,7459013
176,0.9725,True,7505656
177,0.9591666666666666,True,4807417
178,0.9733333333333333,True,6899641
179,0.9783333333333333,True,5105551
180,1.0,True,7456924
181,0.8674999999999997,True,5313810
182,0.9450000000000002,True,4645875
183,1.0,True,2121263
184,0.9191666666666669,True,7431218
185,0.9483333333333335,True,6271391
186,0.9933333333333333,True,7332704
187,0.9725000000000001,True,7414920
188,1.0,True,7403363
189,0.9791666666666665,True,4580838
190,0.9975,True,7390814
191,0.9825,True,7061385
192,0.9958333333333335,True,7355155
193,0.9666666666666667,True,5894326
194,0.9925,True,7339107
195,0.995,True,7335300
196,0.9391666666666665,True,4252031
197,0.2857142857142851,True,7313441
198,0.9841666666666667,True,5854655
199,0.9891666666666665,True,7282685
200,0.9124999999999999,True,7260144
201,0.8174999999999997,True,4903969
202,1.0,True,7270272
203,0.905,True,6834446
204,1.0,True,7223699
205,0.9975,True,7207688
206,0.9733333333333333,True,7190095
207,0.9575000000000001,True,7181265
208,0.9916666666666666,True,7178510
209,0.9941666666666665,True,7165714
210,0.9683333333333334,True,7168329
211,1.0,True,2067768
212,0.9691666666666666,True,7139334
213,0.9741666666666664,True,5599403
214,0.9224999999999999,True,7084014
215,0.9933333333333333,True,7081909
216,1.0,True,7079265
217,0.9933333333333333,True,7076627
218,0.9824999999999998,True,7074951
219,0.9699999999999999,True,7066755
220,0.9791666666666669,True,6979052
221,0.9975,True,7062960
222,0.9658333333333333,True,7038917
223,0.9983333333333333,True,6865325
224,0.9058333333333332,True,7044145
225,0.9283333333333332,True,7037523
226,0.9883333333333333,True,2239045
227,0.9616666666666666,True,7019325
228,0.995,True,7015624
229,0.9608333333333333,True,5863650
230,1.0,True,6989014
231,1.0,True,6936355
232,0.9925,True,6923050
233,0.99,True,6923889
234,0.8683333333333334,True,6804999
235,0.9624999999999999,True,5591502
236,1.0,True,6913897
237,0.995,True,355882
238,0.9874999999999998,True,6901733
239,0.8124999999999999,True,6892607
240,0.8850000000000001,True,5605210
241,0.9699999999999999,True,6884788
242,1.0,True,6872908
243,0.9583333333333331,True,6865482
244,0.9775,True,6867140
245,0.9399999999999998,True,6353364
246,0.9316666666666669,True,6862150
247,1.0,True,6860191
248,0.8574999999999997,True,6788013
249,1.0,True,5250607
250,1.0,True,6832274
251,0.9983333333333333,True,6813779
252,0.9975,True,6818258
253,0.9341666666666666,True,6538146
254,0.9574999999999997,True,6430963
255,0.9908333333333332,True,6801388
256,0.9975,True,6796228
257,0.9708333333333331,True,4609592
258,0.9808333333333333,True,6790656
259,1.0,True,6778625
260,0.9841666666666665,True,6772264
261,0.9883333333333333,True,6745993
262,0.9891666666666665,True,6727436
263,0.9599999999999999,True,6656467
264,1.0,True,5799772
265,0.9849999999999999,True,6720318
266,0.9616666666666667,True,6732186
267,0.2857142857142851,True,6727038
268,0.95,True,6571050
269,0.9983333333333334,True,6698316
270,1.0,True,6703614
271,1.0,True,6691324
272,0.9466666666666665,True,6663865
273,0.98,True,6237906
274,0.9966666666666666,True,6677158
275,0.9699999999999999,True,6660207
276,1.0,True,6582950
277,0.985,True,6649792
278,1.0,True,6628312
279,1.0,True,6619645
280,0.933333333333333,True,6600359
281,0.6933333333333329,True,6603527
282,0.9491666666666667,True,6600062
283,0.995,True,6562237
284,0.9724999999999998,True,6584848
285,0.9225,True,6585349
286,0.9558333333333334,True,6587044
287,0.8566666666666665,True,2544602
288,0.9816666666666666,True,6549218
289,0.9358333333333334,True,6549874
290,0.9916666666666666,True,6553645
291,0.8866666666666664,True,6541481
292,0.9683333333333333,True,6537180
293,0.895833333333333,True,6517045
294,0.9466666666666668,True,5327108
295,1.0,True,6532147
296,0.9675,True,6507118
297,0.9783333333333333,True,4866582
298,1.0,True,6504842
299,0.9474999999999997,True,6465687
300,0.9899999999999999,True,6469369
301,0.9983333333333333,True,6462869
302,1.0,True,6463723
303,0.9833333333333333,True,6316166
304,0.9941666666666665,True,6407477
305,0.9641666666666666,True,6395232
306,0.985,True,6219557
307,0.9916666666666667,True,6434840
308,0.9616666666666666,True,6433107
309,0.9949999999999999,True,6424006
310,0.9966666666666666,True,6202339
311,0.9966666666666667,True,6353958
312,0.9883333333333333,True,6408147
313,1.0,True,6407540
314,0.9774999999999998,True,6388195
315,0.9858333333333333,True,6395575
316,0.9983333333333333,True,6158120
317,0.9883333333333333,True,2031783
318,1.0,True,6385334
319,0.9925,True,6363863
320,0.9308333333333333,True,6360996
321,0.9866666666666667,True,6175402
322,0.9508333333333333,True,6254611
323,0.995,True,5962652
324,0.9341666666666667,True,6338509
325,0.9966666666666667,True,1741128
326,0.9566666666666666,True,6333251
327,0.9983333333333333,True,6329080
328,0.9925000000000002,True,6329514
329,0.9833333333333333,True,513616
330,0.904166666666667,True,4444055
331,0.9408333333333334,True,6286166
332,1.0,True,6283338
333,0.9816666666666666,True,6239479
334,0.9616666666666669,True,6278578
335,1.0,True,6263708
336,0.9499999999999997,True,6262149
337,0.9816666666666666,True,5659487
338,0.9983333333333334,True,6253459
339,1.0,True,6237129
340,0.9758333333333333,True,6243517
341,1.0,True,5825306
342,1.0,True,6237966
343,0.9383333333333335,True,6209782
344,0.9975,True,6226264
345,0.9766666666666667,True,6144218
346,0.9524999999999999,True,6216479
347,1.0,True,6210682
348,1.0,True,5872708
349,1.0,True,6203853
350,1.0,True,6206370
351,0.9841666666666667,True,6198425
352,0.9558333333333334,True,6197462
353,1.0,True,6176615
354,0.9908333333333332,True,6179226
355,0.9699999999999999,True,6119321
356,0.958333333333333,True,6132014
357,0.9983333333333333,True,6116403
358,0.9958333333333332,True,6126648
359,0.9641666666666664,True,6123259
360,0.9958333333333335,True,6122343
361,0.9641666666666667,True,6104222
362,0.9791666666666667,True,2956360
363,0.9916666666666666,True,6098935
364,1.0,True,5659426
365,0.9025000000000003,True,6050681
366,0.9858333333333335,True,6053709
367,0.9591666666666667,True,6050005
368,1.0,True,6055498
369,0.9958333333333332,True,6055979
370,0.9299999999999998,True,6026635
371,0.9758333333333333,True,6029485
372,0.9008333333333334,True,6024784
373,0.9925,True,6024614
374,0.9966666666666667,True,6021643
375,0.9825,True,5740712
376,0.9525,True,6005561
377,0.9891666666666665,True,6002495
378,0.9983333333333333,True,5991366
379,0.9966666666666667,True,5986101
380,0.9458333333333332,True,2187527
381,0.9591666666666666,True,5975827
382,0.965,True,5756589
383,0.8658333333333335,True,5961786
384,0.9175,True,2547501
385,0.9699999999999999,True,5961595
386,1.0,True,5962099
387,0.9491666666666666,True,5957978
388,0.9883333333333334,True,5919839
389,1.0,True,5950764
390,1.0,True,4022654
391,0.9900000000000001,True,5911218
392,1.0,True,5925043
393,0.9033333333333333,True,5923200
394,0.9816666666666667,True,5698470
395,0.9466666666666669,True,3942982
396,0.9658333333333333,True,3461699
397,0.99,True,5895179
398,0.9983333333333333,True,2251981
399,0.9733333333333334,True,5875832
400,1.0,True,5833888
401,0.9983333333333334,True,5848734
402,0.9383333333333336,True,5844572
403,0.9791666666666665,True,5807457
404,0.9716666666666667,True,5266116
405,0.99,True,5833825
406,0.9883333333333334,True,5806905
407,0.9816666666666667,True,5826958
408,0.9675,True,5826900
409,0.8674999999999997,True,5785051
410,0.9933333333333333,True,5803392
411,0.9741666666666667,True,5800871
412,0.9858333333333331,True,5781728
413,0.9575000000000001,True,2530627
414,0.985,True,4504325
415,0.9466666666666665,True,5779301
416,0.9791666666666664,True,5772420
417,0.7958333333333336,True,5746942
418,0.9791666666666669,True,5747107
419,0.7249999999999999,True,5737882
420,1.0,True,852596
421,0.995,True,5723033
422,0.98,True,5716084
423,1.0,True,5716289
424,0.9916666666666667,True,5709219
425,1.0,True,5699878
426,0.99,True,5701306
427,0.9891666666666667,True,5691546
428,0.995,True,5678031
429,0.9558333333333333,True,4318071
430,0.9466666666666665,True,5650434
431,0.9908333333333332,True,5678852
432,0.995,True,5670707
433,1.0,True,5673729
434,0.9941666666666665,True,5604384
435,0.9933333333333334,True,5672160
436,0.9641666666666666,True,5659562
437,1.0,True,5660719
438,0.9875,True,5644752
439,0.8916666666666662,True,5617435
440,0.8941666666666663,True,5618421
441,0.9858333333333331,True,5592984
442,0.9733333333333332,True,5622189
443,0.9716666666666666,True,3797443
444,0.9216666666666663,True,2354456
445,0.9908333333333332,True,5373487
446,0.9983333333333333,True,5372244
447,0.8991666666666667,True,4590533
448,0.9766666666666666,True,4427998
449,0.9958333333333335,True,5596445
450,0.995,True,5392477
451,1.0,True,5374667
452,0.9941666666666665,True,5566333
453,0.9941666666666665,True,5560128
454,0.9591666666666667,True,5469148
455,0.965,True,5554333
456,0.9983333333333334,True,5549778
457,0.925,True,5546682
458,0.9725,True,5536600
459,0.9916666666666667,True,1533580
460,0.9424999999999999,True,5524866
461,0.5949999999999992,True,5523407
462,0.9866666666666666,True,5516276
463,0.9933333333333334,True,5508867
464,0.9966666666666667,True,5296024
465,0.9883333333333334,True,5490778
466,0.9883333333333333,True,275466
467,0.9808333333333334,True,5471987
468,0.9,True,5474804
469,1.0,True,5470090
470,0.9758333333333334,True,5458401
471,0.9933333333333333,True,5457785
472,1.0,True,5436914
473,0.9958333333333332,True,5428519
474,0.9741666666666667,True,5429528
475,0.9333333333333332,True,5400239
476,0.9949999999999999,True,5425402
477,0.9825,True,5419513
478,0.97,True,4017465
479,0.9716666666666665,True,2824087
480,0.99,True,5417704
481,0.9975,True,5410743
482,0.9808333333333333,True,5410988
483,0.9941666666666665,True,5345825
484,0.9808333333333333,True,5377519
485,0.9725000000000001,True,5344620
486,0.9949999999999999,True,5385439
487,0.9983333333333333,True,5376766
488,0.9958333333333335,True,5355263
489,0.9416666666666669,True,5348916
490,0.9574999999999999,True,5351172
491,0.9658333333333333,True,5326898
492,1.0,True,5320445
493,0.9666666666666667,True,5330769
494,1.0,True,5313336
495,0.9224999999999999,True,5313713
496,1.0,True,5317415
497,0.9675,True,5303756
498,0.98,True,5306717
499,0.9650000000000002,True,5294697
500,0.9916666666666667,True,5275259
501,0.9983333333333334,True,3092883
502,0.9891666666666665,True,3680952
503,0.885,True,5250620
504,0.9175000000000001,True,5223699
505,0.9216666666666665,True,5218179
506,0.9891666666666667,True,5233772
507,0.9866666666666666,True,5233791
508,0.9616666666666666,True,5217668
509,0.9658333333333333,True,5212669
510,0.9933333333333332,True,5206109
511,0.9341666666666663,True,5198289
512,0.9549999999999998,True,5013004
513,0.965,True,5194256
514,0.9633333333333333,True,4026291
515,0.6525000000000017,True,3675396
516,0.9941666666666668,True,5175043
517,1.0,True,5179708
518,0.9700000000000002,True,5178879
519,0.9633333333333334,True,5164325
520,0.97,True,5143155
521,0.8541666666666669,True,5164417
522,0.9966666666666667,True,5160540
523,0.9883333333333334,True,5151648
524,0.9966666666666666,True,5135681
525,0.9975,True,1124617
526,0.9883333333333332,True,2999195
527,0.995,True,5133765
528,0.9941666666666668,True,5121779
529,0.9883333333333333,True,5097506
530,0.9966666666666667,True,5044150
531,1.0,True,5028144
532,0.9125000000000001,True,5105138
533,1.0,True,5106620
534,0.9983333333333333,True,5101193
535,1.0,True,5084881
536,0.9491666666666666,True,1152572
537,0.9383333333333335,True,5070927
538,0.9766666666666666,True,5070706
539,0.9775,True,5071236
540,0.975,True,5061924
541,0.9866666666666666,True,4588003
542,0.9425,True,4348335
543,0.9533333333333333,True,2229692
544,1.0,True,5046922
545,1.0,True,4970372
546,0.9633333333333334,True,4944708
547,0.9666666666666669,True,5022200
548,0.8858333333333333,True,1865113
549,0.9041666666666667,True,5005168
550,0.9358333333333332,True,4996838
551,0.9891666666666665,True,4980745
552,0.9583333333333331,True,4996217
553,0.9791666666666667,True,4994531
554,0.9766666666666669,True,4970800
555,1.0,True,4986792
556,0.9883333333333333,True,4978317
557,0.9966666666666667,True,4972981
558,0.9966666666666666,True,4963002
559,0.9891666666666667,True,4946392
560,0.841666666666666,True,4940800
561,0.7458333333333331,True,4940917
562,0.9941666666666665,True,4939096
563,0.9824999999999998,True,4932146
564,0.9683333333333333,True,4921552
565,0.9891666666666667,True,3604982
566,0.9983333333333334,True,4921336
567,0.9525,True,4407380
568,0.9433333333333337,True,4916704
569,0.9683333333333333,True,4917155
570,0.945,True,4599145
571,0.9908333333333332,True,4909756
572,0.995,True,4901925
573,0.985,True,4901809
574,0.9416666666666665,True,4857484
575,0.9858333333333333,True,4896650
576,0.9941666666666668,True,4894302
577,0.9983333333333333,True,4890437
578,1.0,True,4888078
579,0.9749999999999999,True,4648529
580,1.0,True,4882865
581,0.9408333333333332,True,4800972
582,0.9983333333333333,True,4882145
583,0.93,True,4549204
584,0.9016666666666663,True,4867936
585,0.9908333333333331,True,4821963
586,0.9916666666666665,True,4863608
587,0.9641666666666666,True,4863920
588,0.9941666666666668,True,2930403
589,0.8516666666666666,True,2426061
590,0.9958333333333332,True,4597571
591,0.9975,True,4785430
592,0.9791666666666667,True,4699296
593,0.9708333333333331,True,4817579
594,0.9683333333333333,True,4821096
595,0.9808333333333333,True,4813899
596,0.98,True,4806066
597,0.9966666666666666,True,4812422
598,0.9758333333333333,True,4812626
599,0.6850000000000012,True,4808882
600,0.9624999999999999,True,4811008
601,1.0,True,4527767
602,0.9941666666666668,True,4808150
603,1.0,True,4803731
604,0.9466666666666665,True,4805410
605,1.0,True,4796476
606,0.9899999999999999,True,4793332
607,1.0,True,4210605
608,0.9583333333333333,True,4789988
609,0.9725,True,4780579
610,0.9958333333333335,True,4778231
611,1.0,True,4781184
612,0.9916666666666666,True,4775512
613,0.9491666666666667,True,2083227
614,0.9708333333333333,True,1411882
615,0.9983333333333334,True,4754574
616,0.9166666666666664,True,4754903
617,0.9925,True,4741334
618,0.8725,True,4734610
619,0.9549999999999998,True,4733608
620,0.9691666666666666,True,3189501
621,0.8674999999999998,True,4717280
622,0.8716666666666667,True,3205721
623,0.95,True,4725440
624,0.9958333333333335,True,4723797
625,0.9291666666666666,True,1353206
626,1.0,True,4717806
627,0.985,True,4701220
628,0.9774999999999998,True,2952806
629,0.7466666666666667,True,4700436
630,0.9774999999999998,True,4667915
631,1.0,True,4693834
632,0.9633333333333332,True,4697358
633,0.975,True,4693383
634,0.9875,True,4579343
635,0.9716666666666666,True,3229927
636,0.9108333333333333,True,2657008
637,0.9675,True,4685809
638,0.965,True,4683871
639,0.9608333333333334,True,4675453
640,0.9966666666666667,True,4659410
641,1.0,True,4239077
642,0.8875000000000002,True,4653627
643,0.9791666666666667,True,4639641
644,0.9283333333333335,True,4632593
645,0.9833333333333334,True,3914576
646,0.9850000000000001,True,4633299
647,0.9916666666666667,True,4622241
648,0.9091666666666665,True,3837155
649,0.68,True,4608680
650,0.9641666666666666,True,4600997
651,1.0,True,2486182
652,0.9458333333333334,True,1579804
653,0.9175,True,4607869
654,0.995,True,4608302
655,0.9983333333333334,True,4610412
656,0.9766666666666667,True,4599005
657,0.9916666666666667,True,3556967
658,1.0,True,4579060
659,0.9925,True,4495603
660,0.99,True,4573657
661,0.9941666666666665,True,4541490
662,0.9574999999999999,True,4564194
663,0.9391666666666666,True,3756964
664,0.99,True,4556197
665,0.854166666666667,True,4550348
666,0.9758333333333333,True,4504778
667,0.985,True,4544282
668,1.0,True,4532357
669,0.9949999999999999,True,4526190
670,0.9933333333333333,True,3749821
671,0.9966666666666667,True,4456261
672,0.9774999999999998,True,4503325
673,0.8233333333333335,True,4501072
674,0.9966666666666667,True,4487329
675,0.9983333333333333,True,4491415
676,0.9766666666666666,True,4477271
677,1.0,True,2064756
678,0.9516666666666667,True,4455380
679,0.9983333333333334,True,4437506
680,0.9708333333333334,True,4432630
681,0.9541666666666667,True,4371320
682,0.9883333333333333,True,4423638
683,0.9925,True,4411724
684,1.0,True,4412550
685,1.0,True,4394754
686,0.9933333333333333,True,4391886
687,0.9824999999999998,True,4388436
688,0.9791666666666665,True,4361017
689,0.9375,True,4387346
690,0.9966666666666667,True,4324456
691,1.0,True,4136902
692,0.9975,True,4385825
693,0.9699999999999999,True,4359774
694,0.9941666666666668,True,4361395
695,0.9908333333333331,True,4301894
696,0.9908333333333332,True,3439198
697,0.9983333333333334,True,4346578
698,0.941666666666667,True,4342173
699,0.9908333333333332,True,3101778
700,0.9883333333333333,True,3810030
701,0.9983333333333333,True,4326454
702,0.9583333333333333,True,4321851
703,0.9983333333333334,True,4326263
704,0.99,True,4315528
705,0.9716666666666667,True,4307903
706,0.9825000000000002,True,4304688
707,0.9458333333333334,True,4256504
708,0.9691666666666666,True,4283381
709,0.9233333333333337,True,4258756
710,0.9258333333333333,True,4273613
711,0.9249999999999998,True,4273908
712,1.0,True,4267728
713,0.9399999999999998,True,4255946
714,0.9975,True,4267114
715,1.0,True,4255332
716,1.0,True,4252539
717,0.9791666666666667,True,4251068
718,0.975,True,4218661
719,0.995,True,4211279
720,0.9958333333333332,True,4236352
721,0.9150000000000001,True,4235877
722,0.9791666666666665,True,3687392
723,0.9941666666666665,True,4223135
724,0.9125,True,4220193
725,0.9899999999999999,True,3970969
726,0.98,True,4213940
727,0.9866666666666666,True,1725647
728,0.9883333333333334,True,4132830
729,0.9899999999999999,True,3057677
730,0.9966666666666666,True,1251523
731,0.95,True,4157690
732,1.0,True,4165436
733,0.9966666666666667,True,4172003
734,0.9875,True,4165995
735,0.9933333333333333,True,3142810
736,1.0,True,4152808
737,1.0,True,4136365
738,0.9633333333333333,True,2631482
739,0.9625,True,4051960
740,0.9441666666666666,True,3742803
741,0.9916666666666667,True,4101116
742,0.9825,True,4124780
743,0.9949999999999999,True,4112499
744,0.9983333333333333,True,4111916
745,0.9966666666666666,True,893855
746,0.9891666666666667,True,4111713
747,0.9975,True,1145088
748,0.9549999999999997,True,4100320
749,0.9899999999999999,True,4083316
750,0.995,True,4070702
751,1.0,True,3759236
752,0.9741666666666664,True,2760534
753,0.9783333333333333,True,4023500
754,0.9641666666666666,True,4046258
755,0.9983333333333333,True,4029771
756,0.9349999999999998,True,2613991
757,0.9341666666666667,True,4043584
758,1.0,True,2053042
759,0.9650000000000002,True,4039888
760,0.955,True,4029860
761,0.9758333333333331,True,4002953
762,1.0,True,4006708
763,0.91,True,4008596
764,0.9366666666666665,True,3987134
765,1.0,True,3980898
766,0.9483333333333331,True,3976253
767,0.9683333333333332,True,3985099
768,0.9925,True,3964007
769,0.9191666666666669,True,3957159
770,1.0,True,3949330
771,1.0,True,3941874
772,0.9725,True,3918664
773,0.9908333333333332,True,3879168
774,0.8783333333333335,True,2724141
775,0.9691666666666667,True,1177425
776,0.9475000000000001,True,3920385
777,0.9891666666666667,True,3916577
778,1.0,True,3914709
779,0.9291666666666666,True,3738958
780,0.9658333333333334,True,3898314
781,0.9458333333333333,True,3910295
782,0.9758333333333333,True,3905925
783,0.9966666666666667,True,3566841
784,0.9966666666666666,True,3852889
785,0.9458333333333332,True,2388325
786,1.0,True,3858441
787,0.9583333333333335,True,3859961
788,0.9841666666666665,True,3762986
789,1.0,True,2421731
790,0.9574999999999999,True,3847660
791,0.9966666666666667,True,1960205
792,0.9816666666666667,True,3842441
793,0.9966666666666667,True,3835056
794,0.9566666666666666,True,3513036
795,1.0,True,1662632
796,0.9925,True,3805497
797,1.0,True,3496350
798,0.9741666666666666,True,3816363
799,1.0,True,1908533
800,0.9933333333333333,True,3744808
801,0.8708333333333331,True,2348698
802,0.9908333333333331,True,3789290
803,0.9824999999999998,True,3789713
804,0.8866666666666666,True,3787839
805,0.9483333333333333,True,3777776
806,0.9216666666666663,True,3759377
807,0.9058333333333333,True,3762415
808,0.9749999999999999,True,3776825
809,0.8991666666666663,True,3758557
810,0.844166666666667,True,3578832
811,0.9775,True,2517866
812,0.9833333333333333,True,3732545
813,1.0,True,3542327
814,0.9891666666666667,True,3724040
815,1.0,True,3726963
816,0.9916666666666667,True,3722766
817,0.9891666666666665,True,3704921
818,0.9666666666666666,True,3707323
819,0.9916666666666667,True,3700434
820,0.94,True,3703970
821,0.9000000000000002,True,3389381
822,0.9983333333333334,True,3687077
823,0.9199999999999998,True,3105888
824,0.9433333333333335,True,3485383
825,0.9791666666666665,True,3669466
826,0.9591666666666668,True,3665378
827,0.9716666666666667,True,3663169
828,0.9458333333333334,True,3658329
829,0.9875,True,1284616
830,0.9675,True,3618875
831,0.9966666666666666,True,2824913
832,0.9925,True,3648924
833,0.9866666666666667,True,3641589
834,1.0,True,3636161
835,0.9824999999999998,True,3630907
836,0.9175,True,3616138
837,1.0,True,3614179
838,0.9341666666666666,True,3020285
839,0.9983333333333333,True,3621498
840,0.9566666666666666,True,3523419
841,0.9866666666666666,True,3186379
842,0.9733333333333332,True,2976931
843,0.9225,True,3593395
844,0.9758333333333333,True,3585210
845,0.9941666666666668,True,3524836
846,0.9941666666666665,True,3579257
847,0.8758333333333331,True,1922517
848,0.9975,True,2403003
849,0.9608333333333334,True,3567291
850,0.99,True,3479874
851,0.9883333333333333,True,3177629
852,1.0,True,3547929
853,0.9766666666666666,True,3217526
854,0.9825,True,3551338
855,0.9449999999999998,True,3548200
856,0.9691666666666667,True,3543480
857,0.9858333333333335,True,3531155
858,0.9933333333333333,True,3533664
859,0.9983333333333333,True,3522326
860,1.0,True,3482637
861,1.0,True,3474698
862,0.9983333333333333,True,3522511
863,0.9841666666666665,True,3517053
864,0.9925,True,3517409
865,0.9758333333333333,True,3512289
866,0.9591666666666667,True,3510474
867,0.9783333333333333,True,2179252
868,0.9075000000000002,True,3494737
869,0.9816666666666666,True,3501612
870,0.9708333333333331,True,3495839
871,1.0,True,3479664
872,0.9841666666666665,True,3474653
873,0.9316666666666664,True,3482060
874,0.97,True,3471973
875,0.9133333333333334,True,3472036
876,0.9958333333333335,True,3474092
877,0.9958333333333335,True,3418331
878,0.9875,True,716725
879,0.9433333333333335,True,3458145
880,0.9283333333333331,True,3458841
881,0.9541666666666667,True,3431103
882,0.9775,True,3438337
883,0.9841666666666667,True,3443815
884,0.9949999999999999,True,3438352
885,1.0,True,2896136
886,0.9883333333333334,True,3419034
887,0.9783333333333332,True,3412869
888,0.9891666666666667,True,3283965
889,0.9875,True,2337250
890,0.861666666666667,True,3374574
891,0.9324999999999999,True,2836309
892,0.25,True,3344391
893,0.9983333333333333,True,3321251
894,0.2857142857142851,True,3333830
895,0.9958333333333332,True,3334747
896,0.9883333333333334,True,3315310
897,0.9975,True,3327778
898,0.9783333333333333,True,3294931
899,0.9566666666666667,True,3214045
900,0.9525,True,3324091
901,0.8549999999999999,True,3276027
902,0.9883333333333333,True,3302342
903,0.9766666666666665,True,3300769
904,0.9875,True,3262791
905,0.9766666666666666,True,3293643
906,0.9274999999999998,True,3286859
907,0.8458333333333333,True,3279540
908,0.9958333333333335,True,3279457
909,0.9533333333333336,True,3220319
910,0.8841666666666668,True,3240092
911,0.9716666666666665,True,3243610
912,0.9425,True,3204628
913,0.9866666666666666,True,3176447
914,0.9641666666666664,True,2925134
915,0.9966666666666667,True,3222999
916,0.9799999999999999,True,3222322
917,0.9433333333333332,True,3204375
918,0.975,True,3201228
919,0.9008333333333334,True,3154500
920,0.9883333333333333,True,3145000
921,0.8883333333333335,True,2669121
922,0.9825,True,3153898
923,0.9766666666666666,True,3159911
924,0.9000000000000002,True,3158347
925,1.0,True,2130868
926,1.0,True,3127806
927,0.9941666666666665,True,3141820
928,0.9700000000000002,True,3097696
929,0.9825,True,2267078
930,0.9808333333333331,True,3125143
931,0.8291666666666667,True,2781022
932,0.9583333333333331,True,3068010
933,0.9458333333333333,True,3075642
934,0.9941666666666665,True,3007767
935,0.9866666666666668,True,878190
936,0.9508333333333334,True,375779
937,0.9916666666666667,True,3047650
938,0.9741666666666667,True,3041605
939,0.9549999999999998,True,3032087
940,0.9883333333333333,True,3033642
941,1.0,True,2970714
942,0.9666666666666667,True,2952717
943,0.9608333333333335,True,2947836
944,0.8891666666666669,True,2780351
945,0.9833333333333332,True,2685297
946,0.9899999999999999,True,2999207
947,1.0,True,2983951
948,0.9933333333333333,True,3007415
949,0.8858333333333331,True,2779571
950,0.9950000000000001,True,3001919
951,0.9949999999999999,True,1780205
952,0.9983333333333333,True,1610754
953,0.9733333333333333,True,1065910
954,0.9783333333333334,True,2963327
955,0.925,True,2560163
956,1.0,True,1887198
957,0.8941666666666666,True,2929192
958,0.8266666666666663,True,2912319
959,0.9733333333333333,True,2874823
960,0.9666666666666666,True,562883
961,0.9116666666666666,True,2907188
962,0.93,True,2909924
963,0.9591666666666666,True,2262246
964,0.9283333333333332,True,2700081
965,0.9383333333333335,True,2479411
966,0.2857142857142851,True,2873157
967,0.9299999999999998,True,2865324
968,0.8958333333333333,True,2846231
969,0.9725,True,2798232
970,0.7650000000000002,True,2838112
971,0.9358333333333333,True,2836222
972,0.9516666666666667,True,2829998
973,1.0,True,2832999
974,0.9458333333333334,True,2820596
975,0.9174999999999998,True,2804574
976,0.9716666666666665,True,2803911
977,0.9649999999999999,True,2811791
978,0.9416666666666668,True,2764251
979,0.9783333333333333,True,2804406
980,0.9475000000000002,True,2799291
981,0.9966666666666666,True,2312117
982,0.8866666666666666,True,1217527
983,0.9975,True,2795050
984,0.9933333333333334,True,2791284
985,0.9883333333333334,True,2789254
986,0.9741666666666666,True,2775461
987,0.9358333333333333,True,2780775
988,0.9966666666666667,True,2631959
989,0.9641666666666667,True,2783309
990,0.9666666666666666,True,2091973
991,0.995,True,2769016
992,0.9449999999999998,True,2715739
993,0.9158333333333333,True,1842142
994,0.9975,True,2747243
995,0.9966666666666666,True,1652164
996,0.9633333333333333,True,893392
997,0.9516666666666667,True,2710254
998,0.9574999999999997,True,2704382
999,0.9933333333333333,True,2668544
1000,0.9091666666666665,True,2196540
1001,0.9333333333333335,True,2674431
1002,0.9233333333333335,True,2563714
1003,1.0,True,2713872
1004,0.9308333333333334,True,2510850
1005,1.0,True,2697251
1006,0.9941666666666668,True,2678522
1007,0.9433333333333332,True,2686509
1008,0.9833333333333332,True,2673382
1009,0.9341666666666666,True,2137863
1010,0.8933333333333335,True,441202
1011,1.0,True,2658193
1012,1.0,True,2652607
1013,1.0,True,2653065
1014,0.9858333333333333,True,2637579
1015,0.9833333333333333,True,2617334
1016,0.9975,True,2610717
1017,0.95,True,2626074
1018,0.9675,True,2619667
1019,1.0,True,2613968
1020,0.9733333333333334,True,2615726
1021,0.9733333333333332,True,2614721
1022,1.0,True,2606689
1023,0.9808333333333331,True,1504941
1024,0.9775,True,2595325
1025,0.9575,True,1866785
1026,0.87,True,2589710
1027,0.9824999999999998,True,2590026
1028,0.995,True,1481182
1029,1.0,True,2580478
1030,0.95,True,2578415
1031,1.0,True,2578609
1032,0.9808333333333333,True,2559605
1033,0.9524999999999999,True,2512616
1034,0.8266666666666667,True,2449841
1035,0.9824999999999998,True,1824860
1036,0.9641666666666667,True,2518485
1037,0.9683333333333333,True,2514092
1038,1.0,True,1457496
1039,0.9916666666666666,True,2515780
1040,0.9466666666666665,True,2454635
1041,0.9975,True,2504528
1042,0.9583333333333331,True,2410472
1043,0.9733333333333333,True,2426245
1044,0.9916666666666667,True,2463390
1045,0.9183333333333334,True,2486108
1046,0.9916666666666667,True,2441127
1047,0.9641666666666666,True,1830174
1048,0.9966666666666667,True,2460804
1049,0.9616666666666664,True,2455322
1050,0.9708333333333334,True,2437022
1051,0.9808333333333333,True,2229447
1052,1.0,True,2451840
1053,0.9983333333333333,True,2444971
1054,0.9975,True,2183730
1055,0.96,True,2440555
1056,1.0,True,2418874
1057,0.9725,True,2407845
1058,0.9524999999999997,True,2387521
1059,0.995,True,2015501
1060,0.9925,True,2398820
1061,0.9216666666666667,True,2395168
1062,0.9833333333333332,True,2387631
1063,0.9983333333333333,True,2389448
1064,0.9833333333333333,True,2368879
1065,0.995,True,2369090
1066,0.9983333333333333,True,2344763
1067,0.9916666666666667,True,2346130
1068,0.9349999999999997,True,2215644
1069,0.9716666666666665,True,2336892
1070,0.985,True,2299626
1071,0.9541666666666667,True,2327108
1072,0.9916666666666667,True,2314911
1073,0.9641666666666667,True,1829131
1074,0.9383333333333332,True,2315978
1075,0.9799999999999999,True,2312644
1076,0.9766666666666666,True,2313963
1077,0.9891666666666667,True,2230789
1078,0.9916666666666667,True,1393636
1079,0.9916666666666667,True,2302227
1080,0.9958333333333332,True,984545
1081,0.9708333333333333,True,2293781
1082,0.9716666666666665,True,2288380
1083,0.9808333333333331,True,1128557
1084,0.9608333333333333,True,2267199
1085,0.9699999999999999,True,2258689
1086,0.8733333333333332,True,894982
1087,0.9633333333333334,True,2260208
1088,0.9958333333333335,True,2251748
1089,0.9641666666666666,True,1125602
1090,0.9949999999999999,True,2188068
1091,0.9283333333333332,True,1803500
1092,0.9666666666666667,True,2229823
1093,0.2857142857142851,True,2226043
1094,0.9616666666666664,True,1886970
1095,0.995,True,2190858
1096,0.9058333333333333,True,2209271
1097,0.9774999999999997,True,2180684
1098,0.9633333333333334,True,2097334
1099,0.9716666666666667,True,1747125
1100,0.995,True,2196668
1101,0.9975,True,2182157
1102,0.9983333333333333,True,2169867
1103,0.9824999999999997,True,2143770
1104,0.9341666666666665,True,2088451
1105,0.9516666666666667,True,1345978
1106,0.9866666666666666,True,2139355
1107,0.9316666666666665,True,2155065
1108,0.9883333333333334,True,2150296
1109,0.9825000000000002,True,1951934
1110,0.9766666666666667,True,627907
1111,0.9966666666666667,True,2145324
1112,0.9899999999999999,True,2141713
1113,0.9966666666666666,True,2141867
1114,0.9975,True,2130908
1115,0.9791666666666669,True,2130822
1116,0.9200000000000002,True,2108076
1117,0.9758333333333331,True,2114144
1118,0.9866666666666667,True,2113806
1119,0.9450000000000002,True,1815916
1120,0.9649999999999999,True,2098018
1121,1.0,True,2077486
1122,1.0,True,2085469
1123,0.9283333333333332,True,2080044
1124,0.9633333333333333,True,464507
1125,0.9858333333333333,True,2070894
1126,0.9416666666666669,True,1862422
1127,0.9975,True,2061805
1128,0.9875,True,2035245
1129,0.9975,True,2059854
1130,0.9933333333333333,True,2044508
1131,0.9641666666666667,True,2037459
1132,0.9566666666666666,True,2027653
1133,0.9883333333333333,True,2024125
1134,0.9825,True,2032749
1135,0.95,True,2025088
1136,0.9741666666666666,True,1549759
1137,0.9649999999999999,True,2018397
1138,0.9533333333333333,True,2017170
1139,0.9916666666666667,True,2015746
1140,0.9108333333333334,True,1829513
1141,0.9666666666666667,True,1996750
1142,1.0,True,1995745
1143,0.8891666666666667,True,1940754
1144,0.9883333333333332,True,1989952
1145,0.9883333333333333,True,1986069
1146,0.985,True,1852623
1147,0.9883333333333333,True,1967044
1148,0.9966666666666666,True,1738054
1149,0.928333333333333,True,1926155
1150,0.9183333333333333,True,1970026
1151,0.9933333333333334,True,1928220
1152,0.9858333333333331,True,1921204
1153,0.9458333333333333,True,1951951
1154,0.9591666666666666,True,1929576
1155,0.8541666666666667,True,1475521
1156,1.0,True,1038912
1157,0.9966666666666666,True,731018
1158,0.9966666666666667,True,1903663
1159,0.9966666666666666,True,1356035
1160,0.9541666666666666,True,1896830
1161,0.9008333333333328,True,1759481
1162,1.0,True,1894098
1163,0.9724999999999998,True,1873384
1164,0.9308333333333334,True,1339503
1165,1.0,True,1884126
1166,0.9783333333333333,True,1869318
1167,0.9575,True,1864071
1168,0.9641666666666666,True,1866579
1169,0.9858333333333333,True,1853602
1170,0.985,True,1289575
1171,0.9674999999999998,True,1851270
1172,0.9083333333333334,True,1837597
1173,0.985,True,921652
1174,0.9791666666666667,True,411101
1175,0.9883333333333334,True,1846776
1176,0.9416666666666668,True,1840769
1177,0.9741666666666667,True,1834053
1178,0.9458333333333334,True,1832172
1179,0.9766666666666666,True,1766299
1180,0.9516666666666669,True,1561422
1181,0.9433333333333335,True,1839746
1182,1.0,True,1835689
1183,0.9641666666666667,True,1825093
1184,0.9975,True,1819339
1185,0.8999999999999999,True,1825523
1186,1.0,True,1817630
1187,0.9675000000000001,True,1812446
1188,0.98,True,1804765
1189,0.9766666666666665,True,1791179
1190,0.995,True,1794523
1191,0.9066666666666668,True,1790848
1192,0.9924999999999998,True,1336704
1193,0.9708333333333333,True,1782215
1194,0.9716666666666667,True,1776887
1195,0.9249999999999996,True,1766392
1196,0.9283333333333332,True,1776268
1197,0.9441666666666668,True,1738946
1198,1.0,True,1768666
1199,0.9758333333333333,True,1753291
1200,0.9775,True,1755673
1201,0.9983333333333334,True,1745411
1202,0.9783333333333333,True,1752640
1203,1.0,True,1648376
1204,0.99,True,1398079
1205,0.9416666666666665,True,420681
1206,0.9866666666666666,True,1362573
1207,1.0,True,1730948
1208,0.9366666666666665,True,1723411
1209,0.9983333333333333,True,1715092
1210,0.9549999999999998,True,1717071
1211,0.9966666666666666,True,1711860
1212,0.9841666666666665,True,1700174
1213,0.9883333333333333,True,1701187
1214,0.9958333333333332,True,1689908
1215,0.9399999999999998,True,1696904
1216,1.0,True,1692544
1217,0.8558333333333331,True,1682995
1218,0.9858333333333331,True,1679490
1219,0.9024999999999999,True,1677908
1220,1.0,True,1669496
1221,0.9075,True,1671815
1222,0.9941666666666668,True,1663129
1223,0.9341666666666667,True,1649239
1224,1.0,True,1376313
1225,0.9850000000000001,True,1615173
1226,0.9,True,1177014
1227,0.9699999999999999,True,1630590
1228,0.8983333333333335,True,1630307
1229,1.0,True,1626239
1230,0.9983333333333333,True,1618935
1231,0.9741666666666666,True,1604150
1232,0.9933333333333333,True,1613727
1233,0.8725,True,1609008
1234,0.9641666666666666,True,1521035
1235,0.9916666666666667,True,1602071
1236,0.8675000000000002,True,1578866
1237,1.0,True,1394702
1238,0.9783333333333333,True,1592977
1239,1.0,True,1594233
1240,0.9958333333333332,True,1575816
1241,0.9716666666666666,True,1560193
1242,0.9508333333333333,True,1218000
1243,0.9983333333333334,True,1567292
1244,0.9983333333333333,True,1539371
1245,0.8066666666666664,True,1560599
1246,1.0,True,1390642
1247,0.9691666666666666,True,1559015
1248,1.0,True,1551158
1249,0.9825,True,1556993
1250,0.9508333333333333,True,1545811
1251,0.9733333333333332,True,1548547
1252,0.8541666666666669,True,1538409
1253,0.9933333333333333,True,1522618
1254,0.9966666666666667,True,1541799
1255,0.9816666666666666,True,1529711
1256,0.9341666666666667,True,1528877
1257,0.9983333333333333,True,1531097
1258,0.9758333333333333,True,717922
1259,0.9516666666666667,True,1519947
1260,0.9975,True,610990
1261,0.9875,True,1522428
1262,0.9008333333333334,True,1511812
1263,0.9766666666666667,True,1516433
1264,0.9941666666666668,True,1516266
1265,0.9616666666666667,True,1516508
1266,0.8549999999999995,True,1425148
1267,0.9058333333333336,True,1511327
1268,0.9108333333333336,True,1504337
1269,0.9916666666666666,True,727358
1270,0.9966666666666666,True,1495100
1271,0.9941666666666668,True,1494069
1272,0.9033333333333333,True,1489176
1273,1.0,True,1476237
1274,0.9908333333333332,True,1467698
1275,1.0,True,1486136
1276,0.9225,True,1476815
1277,0.9733333333333332,True,1475836
1278,0.955,True,1446765
1279,1.0,True,1477587
1280,0.9883333333333333,True,1467720
1281,0.9133333333333331,True,1444218
1282,0.9758333333333333,True,1446979
1283,0.9350000000000002,True,1453530
1284,1.0,True,109445
1285,0.9799999999999999,True,1444002
1286,0.9074999999999999,True,863069
1287,0.9983333333333334,True,1447394
1288,0.9808333333333333,True,1444638
1289,0.9691666666666666,True,1444690
1290,0.9958333333333332,True,1431358
1291,0.9983333333333334,True,1423249
1292,0.829166666666667,True,1420230
1293,1.0,True,1427115
1294,0.9516666666666665,True,1418087
1295,1.0,True,1411743
1296,0.9383333333333336,True,1236874
1297,0.9383333333333332,True,535025
1298,0.9966666666666667,True,1348150
1299,0.9591666666666667,True,1316554
1300,0.9583333333333333,True,1286507
1301,1.0,True,1398948
1302,0.8441666666666664,True,1388917
1303,0.9449999999999998,True,691219
1304,0.9966666666666667,True,1402673
1305,0.8549999999999995,True,1387581
1306,0.995,True,1397690
1307,0.9208333333333334,True,1376503
1308,0.9191666666666666,True,1365118
1309,0.9925,True,1371692
1310,0.9941666666666668,True,1320903
1311,0.9733333333333334,True,1367719
1312,1.0,True,1368497
1313,0.9758333333333334,True,1362354
1314,0.8891666666666669,True,1342688
1315,0.973333333333333,True,1333978
1316,0.9558333333333335,True,1261993
1317,0.9191666666666667,True,1342111
1318,0.9875,True,1285995
1319,0.9983333333333333,True,1330470
1320,0.9866666666666665,True,1329184
1321,1.0,True,1337767
1322,0.9549999999999998,True,1336326
1323,0.9933333333333333,True,1318469
1324,0.985,True,1325647
1325,0.8866666666666664,True,1325682
1326,0.8975000000000002,True,1321102
1327,0.995,True,1316055
1328,0.8866666666666666,True,1307421
1329,1.0,True,1306998
1330,0.8741666666666669,True,1305661
1331,0.9766666666666665,True,1292648
1332,0.9749999999999999,True,1307000
1333,0.9883333333333333,True,1220034
1334,0.9783333333333333,True,1301234
1335,0.9866666666666666,True,1298980
1336,1.0,True,1298752
1337,0.9666666666666666,True,1285959
1338,0.8825,True,1290225
1339,0.9966666666666667,True,1292031
1340,1.0,True,1289020
1341,0.9058333333333333,True,1269295
1342,0.9033333333333333,True,1121292
1343,0.9916666666666667,True,1282148
1344,0.8883333333333333,True,1273875
1345,0.9249999999999998,True,1265820
1346,1.0,True,1269446
1347,0.9891666666666665,True,1267246
1348,0.995,True,1180532
1349,0.99,True,1260523
1350,0.9975,True,1222876
1351,0.8849999999999997,True,671821
1352,0.9941666666666665,True,1226683
1353,0.9433333333333332,True,1205205
1354,0.9666666666666666,True,1221797
1355,0.9541666666666666,True,1086185
1356,0.9716666666666666,True,1217347
1357,0.9941666666666668,True,1211034
1358,1.0,True,1202145
1359,0.965,True,1200490
1360,0.9941666666666665,True,1104232
1361,0.8591666666666665,True,1191525
1362,0.985,True,1195259
1363,0.9891666666666667,True,1188944
1364,0.9908333333333335,True,1186045
1365,0.9933333333333333,True,1179202
1366,0.9333333333333332,True,1178665
1367,0.9816666666666667,True,1175809
1368,0.9916666666666667,True,1171028
1369,0.9591666666666666,True,951260
1370,0.865,True,1161759
1371,0.9708333333333333,True,349493
1372,0.9074999999999998,True,1097302
1373,0.9425,True,1123515
1374,0.9833333333333333,True,1129130
1375,0.9816666666666667,True,1121270
1376,0.9808333333333333,True,1119951
1377,0.9983333333333333,True,978164
1378,0.9941666666666665,True,963330
1379,0.9249999999999998,True,1110796
1380,0.9916666666666667,True,1110869
1381,0.8625000000000003,True,1089300
1382,0.9599999999999999,True,1102239
1383,1.0,True,1098879
1384,0.9933333333333333,True,1092942
1385,0.9975,True,1086610
1386,0.9083333333333334,True,1076465
1387,0.9825,True,217121
1388,0.05000000000000004,True,1073054
1389,0.9958333333333332,True,1068512
1390,1.0,True,618134
1391,1.0,True,1069718
1392,0.9325,True,841112
1393,0.8525,True,1066905
1394,0.8883333333333333,True,660104
1395,0.9124999999999993,True,1059479
1396,0.92,True,1052452
1397,0.9808333333333333,True,1057341
1398,0.9824999999999998,True,1054028
1399,0.333333333333334,True,1055097
1400,0.9749999999999998,True,622333
1401,1.0,True,1053169
1402,1.0,True,845248
1403,0.8608333333333333,True,1034626
1404,0.968333333333333,True,1023918
1405,0.9533333333333336,True,1019680
1406,1.0,True,1015042
1407,0.9925,True,651781
1408,0.8916666666666668,True,999018
1409,0.9191666666666666,True,991634
1410,0.9791666666666665,True,986088
1411,0.9883333333333333,True,986289
1412,0.9975,True,969529
1413,0.8783333333333333,True,809647
1414,0.9883333333333333,True,962369
1415,0.9933333333333333,True,960009
1416,0.9733333333333332,True,954936
1417,0.9916666666666667,True,943528
1418,0.9983333333333334,True,939165
1419,0.9983333333333333,True,921177
1420,0.9033333333333335,True,934074
1421,0.9983333333333333,True,912480
1422,0.9699999999999999,True,910143
1423,1.0,True,910113
1424,0.8433333333333334,True,762613
1425,0.9658333333333333,True,891132
1426,0.9241666666666667,True,876092
1427,0.9983333333333333,True,793809
1428,1.0,True,860767
1429,0.9766666666666667,True,859526
1430,0.9783333333333333,True,847728
1431,0.9433333333333331,True,832139
1432,0.9733333333333334,True,838424
1433,0.9274999999999999,True,836619
1434,0.995,True,829363
1435,0.9566666666666666,True,815193
1436,0.9641666666666666,True,816423
1437,0.9891666666666665,True,740719
1438,0.9741666666666666,True,734038
1439,0.9391666666666666,True,719989
1440,0.9958333333333335,True,601929
1441,0.9916666666666667,True,715823
1442,0.9775,True,713486
1443,0.8525,True,689277
1444,0.884166666666667,True,380006
1445,0.9024999999999999,True,693201
1446,0.9916666666666666,True,708122
1447,0.9083333333333335,True,695820
1448,1.0,True,671003
1449,0.9933333333333333,True,691215
1450,1.0,True,676437
1451,0.9675,True,455766
1452,0.9758333333333333,True,668204
1453,0.9474999999999999,True,662035
1454,0.98,True,654455
1455,0.8166666666666664,True,652803
1456,1.0,True,623222
1457,0.9916666666666667,True,638301
1458,0.9483333333333335,True,644434
1459,0.9316666666666668,True,640126
1460,0.9808333333333333,True,452829
1461,0.8133333333333339,True,528696
1462,0.8741666666666668,True,119406
1463,0.9124999999999998,True,626970
1464,1.0,True,624243
1465,0.9966666666666666,True,618006
1466,0.9558333333333333,True,614867
1467,0.9816666666666669,True,607958
1468,0.9666666666666667,True,606833
1469,0.995,True,600062
1470,0.9850000000000001,True,596939
1471,1.0,True,576509
1472,0.9891666666666665,True,572029
1473,0.9083333333333333,True,484593
1474,0.9041666666666669,True,518169
1475,0.9666666666666665,True,332091
1476,0.9891666666666665,True,405981
1477,0.9983333333333334,True,403944
1478,0.8433333333333332,True,402872
1479,0.9933333333333334,True,380781
1480,0.9899999999999999,True,378707
1481,0.8824999999999997,True,377204
1482,0.8691666666666668,True,348381
1483,0.8208333333333334,True,221079
1484,1.0,True,187808
1485,0.9266666666666665,True,191415
1486,0.9449999999999998,True,165335
1487,1.0,True,113136
1488,0.9608333333333333,True,107124
1489,0.9749999999999999,True,36916
1490,0.9233333333333333,True,38386
1491,0.9274999999999999,True,31965
1492,0.0,False,877236
1493,0.04666666666666666,False,1430651
1494,0.0,False,8499692
1495,0.08499999999999998,False,6146719
1496,0.02,False,4439493
1497,0.016666666666666666,False,1777482
1498,0.05000000000000004,False,5083908
1499,0.0,False,4707465
1500,0.0016666666666666666,False,1261034
1501,0.0,False,9370323
1502,0.03666666666666665,False,1277939
1503,0.04166666666666666,False,3970169
1504,0.006666666666666666,False,9591321
1505,0.03499999999999999,False,4863248
1506,0.333333333333334,False,5439947
1507,0.0,False,8801605
1508,0.003333333333333333,False,6994608
1509,0.08166666666666668,False,1804280
1510,0.0,False,6325014
1511,0.05000000000000004,False,6259239
1512,0.165,False,2553978
1513,0.011666666666666665,False,8614576
1514,0.0,False,6583277
1515,0.0,False,537380
1516,0.0,False,537380
1517,0.0,False,5034333
1518,0.04666666666666666,False,878034
1519,0.0,False,1403471
1520,0.0,False,2483161
1521,0.034999999999999996,False,2394146
1522,0.03499999999999999,False,8751962
1523,0.1591666666666667,False,1594288
1524,0.0,False,8960578
1525,0.003333333333333333,False,7413033
1526,0.02333333333333333,False,3740262
1527,0.05083333333333334,False,2782230
1528,0.09416666666666665,False,3837769
1529,0.028333333333333332,False,3658346
1530,0.0,False,5296662
1531,0.0,False,7498302
1532,0.0,False,6976514
1533,0.018333333333333333,False,9341990
1534,0.04249999999999999,False,6586468
1535,0.02333333333333333,False,7478267
1536,0.006666666666666666,False,1766119
1537,0.0016666666666666666,False,4413987
1538,0.0,False,1838269
1539,0.02333333333333333,False,1954512
1540,0.008333333333333333,False,1348134
1541,0.0675,False,8059163
1542,0.015,False,6732031
1543,0.0016666666666666666,False,2691514
1544,0.16333333333333327,False,5292112
1545,0.013333333333333332,False,1189243
1546,0.14333333333333337,False,9442366
1547,0.0,False,6847100
1548,0.016666666666666666,False,4843378
1549,0.009999999999999998,False,2850549
1550,0.0,False,7315725
1551,0.0016666666666666666,False,8925839
1552,0.006666666666666666,False,6956398
1553,0.0,False,1651912
1554,0.0,False,9694048
1555,0.0,False,1651912
1556,0.0,False,1838269
1557,0.13583333333333328,False,3840725
1558,0.02666666666666666,False,3137396
1559,0.07,False,1982649
1560,0.0,False,8967613
1561,0.15583333333333338,False,3501476
1562,0.0016666666666666666,False,7991477
1563,0.008333333333333333,False,724802
1564,0.009999999999999998,False,6178845
1565,0.15749999999999992,False,6392668
1566,0.0,False,4227692
1567,0.19416666666666668,False,2948495
1568,0.013333333333333332,False,3113189
1569,0.0,False,2674575
1570,0.0,False,7952329
1571,0.17,False,7144283
1572,0.055833333333333346,False,610512
1573,0.0016666666666666666,False,860020
1574,0.01583333333333333,False,2642955
1575,0.1941666666666666,False,5833653
1576,0.024999999999999994,False,4837595
1577,0.008333333333333333,False,1290126
1578,0.0,False,4726192
1579,0.0,False,2505899
1580,0.0016666666666666666,False,2985514
1581,0.013333333333333332,False,6123829
1582,0.1758333333333333,False,7175719
1583,0.07916666666666665,False,1838010
1584,0.0,False,6028451
1585,0.02666666666666666,False,5281639
1586,0.014166666666666666,False,1460790
1587,0.15333333333333338,False,1882402
1588,0.04666666666666666,False,604895
1589,0.0,False,9642721
1590,0.0016666666666666666,False,4062082
1591,0.0,False,5970238
1592,0.11666666666666668,False,8099434
1593,0.1425,False,114137
1594,0.105,False,3422038
1595,0.010833333333333332,False,1869162
1596,0.0,False,100167
1597,0.0,False,8134142
1598,0.03083333333333333,False,7704790
1599,0.0175,False,3935764
1600,0.006666666666666666,False,1892312
1601,0.02,False,1364138
1602,0.003333333333333333,False,1979513
1603,0.013333333333333332,False,876836
1604,0.13666666666666652,False,6510002
1605,0.003333333333333333,False,4003852
1606,0.0,False,100167
1607,0.20083333333333328,False,4010854
1608,0.0,False,7207010
1609,0.0,False,6583277
1610,0.009999999999999998,False,3292295
1611,0.07333333333333336,False,2514186
1612,0.006666666666666666,False,1299294
1613,0.034166666666666665,False,3941723
1614,0.02,False,5331687
1615,0.028333333333333325,False,6804278
1616,0.0,False,6327172
1617,0.006666666666666666,False,3371560
1618,0.015,False,1229500
1619,0.0375,False,1785350
1620,0.013333333333333332,False,6741503
1621,0.05750000000000001,False,2673854
1622,0.003333333333333333,False,3757544
1623,0.0,False,1613897
1624,0.0,False,6251170
1625,0.008333333333333333,False,9022565
1626,0.013333333333333332,False,6450551
1627,0.0016666666666666666,False,860020
1628,0.12083333333333332,False,6083345
1629,0.006666666666666666,False,3640058
1630,0.006666666666666666,False,5601988
1631,0.0,False,3521814
1632,0.02666666666666666,False,8110575
1633,0.024999999999999994,False,2347760
1634,0.039999999999999994,False,2888533
1635,0.0,False,2808818
1636,0.2857142857142851,False,1740466
1637,0.0,False,7694297
1638,0.011666666666666665,False,6204112
1639,0.0,False,8960578
1640,0.038333333333333316,False,8949150
1641,0.12749999999999997,False,2793901
1642,0.013333333333333332,False,1555809
1643,0.016666666666666666,False,7961159
1644,0.011666666666666665,False,4271790
1645,0.0,False,4726192
1646,0.0016666666666666666,False,1412349
1647,0.018333333333333333,False,5860935
1648,0.010833333333333332,False,9068963
1649,0.0,False,1487262
1650,0.09833333333333334,False,4356972
1651,0.039999999999999994,False,2394176
1652,0.2033333333333333,False,3803154
1653,0.0866666666666667,False,3815900
1654,0.0,False,1230457
1655,0.005,False,9305300
1656,0.0,False,4301766
1657,0.0,False,8853618
1658,0.024999999999999994,False,3942389
1659,0.0,False,7732106
1660,0.19083333333333333,False,735381
1661,0.0,False,1693518
1662,0.03333333333333333,False,5416150
1663,0.04333333333333333,False,612580
1664,0.015,False,1953416
1665,0.020833333333333336,False,1217606
1666,0.02333333333333333,False,626809
1667,0.03,False,6318133
1668,0.006666666666666666,False,2868064
1669,0.0,False,5809689
1670,0.333333333333334,False,5439947
1671,0.0,False,4660207
1672,0.0,False,2505899
1673,0.011666666666666665,False,3034437
1674,0.06583333333333334,False,2990875
1675,0.0,False,468786
1676,0.08416666666666667,False,1317059
1677,0.0175,False,1132304
1678,0.028333333333333325,False,6804278
1679,0.13083333333333327,False,1764945
1680,0.0016666666666666666,False,5278153
1681,0.0,False,6859667
1682,0.061666666666666654,False,2493621
1683,0.0,False,9694048
1684,0.011666666666666665,False,3691769
1685,0.003333333333333333,False,2637920
1686,0.006666666666666666,False,9591321
1687,0.0016666666666666666,False,3303894
1688,0.031666666666666655,False,3832490
1689,0.12666666666666665,False,3835026
1690,0.0175,False,5409299
1691,0.04416666666666667,False,1247913
1692,0.09583333333333335,False,2785971
1693,0.0,False,2674575
1694,0.0,False,2117792
1695,0.0,False,2512454
1696,0.016666666666666666,False,7088945
1697,0.1383333333333333,False,8382370
1698,0.16166666666666668,False,1344830
1699,0.04083333333333333,False,1775842
1700,0.03333333333333332,False,553902
1701,0.2175,False,2554254
1702,0.021666666666666664,False,1188402
1703,0.05000000000000004,False,1108530
1704,0.016666666666666666,False,1717825
1705,0.006666666666666666,False,1004656
1706,0.015,False,1229500
1707,0.0016666666666666666,False,1991320
1708,0.049166666666666664,False,4920881
1709,0.03,False,4852725
1710,0.034999999999999996,False,386047
1711,0.0,False,7463375
1712,0.0,False,1415558
1713,0.02,False,8203597
1714,0.075,False,1396796
1715,0.09833333333333334,False,5908748
1716,0.0,False,9370323
1717,0.0016666666666666666,False,8568677
1718,0.0,False,5947834
1719,0.003333333333333333,False,8139899
1720,0.008333333333333333,False,3845115
1721,0.21083333333333332,False,1275992
1722,0.015,False,3166557
1723,0.02666666666666666,False,8110575
1724,0.018333333333333333,False,6504414
1725,0.0,False,1108328
1726,0.065,False,1888342
1727,0.0,False,6028451
1728,0.03833333333333333,False,6126460
1729,0.0,False,1693518
1730,0.0,False,2483161
1731,0.021666666666666664,False,691300
1732,0.006666666666666666,False,6321522
1733,0.08250000000000002,False,2254195
1734,0.07916666666666666,False,2512799
1735,0.13249999999999998,False,9347285
1736,0.011666666666666665,False,1692020
1737,0.006666666666666666,False,4147552
1738,0.06833333333333334,False,1521811
1739,0.0,False,2117915
1740,0.0,False,3553000
1741,0.015,False,5349782
1742,0.0,False,7952329
1743,0.085,False,9639674
1744,0.0016666666666666666,False,1594586
1745,0.0,False,5809689
1746,0.051666666666666666,False,819431
1747,0.0,False,5945245
1748,0.06666666666666667,False,867737
1749,0.05416666666666667,False,3571110
1750,0.07666666666666665,False,9174768
1751,0.014999999999999998,False,3790516
1752,0.04166666666666666,False,2671977
1753,0.006666666666666666,False,6321522
1754,0.14833333333333334,False,7821738
1755,0.0,False,1190295
1756,0.06416666666666666,False,1374073
1757,0.0125,False,2670444
1758,0.1733333333333333,False,5205130
1759,0.0,False,1004193
1760,0.005833333333333333,False,945804
1761,0.0,False,8745628
1762,0.016666666666666666,False,4843378
1763,0.0,False,2808818
1764,0.0,False,3523355
1765,0.13416666666666668,False,2784916
1766,0.0,False,4979402
1767,0.05833333333333335,False,9657006
1768,0.0,False,7739625
1769,0.009999999999999998,False,7517776
1770,0.04499999999999999,False,946810
1771,0.03916666666666666,False,5595566
1772,0.008333333333333333,False,6411509
1773,0.022500000000000006,False,2903523
1774,0.0,False,8745628
1775,0.26416666666666655,False,1238026
1776,0.2300000000000001,False,2037287
1777,0.003333333333333333,False,2173859
1778,0.003333333333333333,False,4714797
1779,0.008333333333333333,False,4706721
1780,0.0,False,8134142
1781,0.0,False,1881868
1782,0.0,False,7713140
1783,0.10583333333333332,False,9024633
1784,0.0016666666666666666,False,1412349
1785,0.0,False,6021783
1786,0.024999999999999994,False,8081239
1787,0.018333333333333333,False,2393892
1788,0.0,False,2117915
1789,0.0,False,6558258
1790,0.016666666666666666,False,1878774
1791,0.014166666666666666,False,3805977
1792,0.0,False,1190857
1793,0.0,False,3553306
1794,0.024999999999999994,False,1869621
1795,0.0,False,9138531
1796,0.005,False,5558886
1797,0.0,False,8028906
1798,0.1716666666666667,False,3703708
1799,0.04249999999999999,False,9261793
1800,0.04166666666666665,False,6474229
1801,0.0,False,6976514
1802,0.015,False,8908091
1803,0.11166666666666668,False,5199657
1804,0.018333333333333333,False,6727251
1805,0.0,False,1190295
1806,0.0,False,7911769
1807,0.15333333333333332,False,5478413
1808,0.0016666666666666666,False,7991477
1809,0.0,False,7463375
1810,0.0,False,8536207
1811,0.03416666666666667,False,1190696
1812,0.047499999999999994,False,954947
1813,0.031666666666666655,False,1409169
1814,0.1875,False,2115885
1815,0.009999999999999998,False,918586
1816,0.0,False,673300
1817,0.030833333333333334,False,5601601
1818,0.0,False,1134790
1819,0.018333333333333333,False,2801071
1820,0.0,False,3553306
1821,0.018333333333333333,False,9341990
1822,0.01583333333333333,False,9445647
1823,0.010833333333333332,False,1192073
1824,0.009999999999999998,False,6408433
1825,0.0,False,4225417
1826,0.0,False,4254658
1827,0.0,False,4830831
1828,0.23416666666666688,False,8499699
1829,0.009999999999999998,False,7604494
1830,0.003333333333333333,False,7413033
1831,0.05916666666666667,False,2612177
1832,0.2857142857142851,False,6123897
1833,0.005,False,2905881
1834,0.035,False,8879784
1835,0.013333333333333332,False,1922874
1836,0.0,False,4326654
1837,0.02666666666666666,False,3466439
1838,0.07333333333333333,False,668658
1839,0.12749999999999997,False,2881703
1840,0.003333333333333333,False,1842305
1841,0.038333333333333316,False,8949150
1842,0.09750000000000002,False,4723041
1843,0.05000000000000004,False,1545791
1844,0.008333333333333333,False,4793506
1845,0.009999999999999998,False,1188385
1846,0.029999999999999995,False,4127435
1847,0.025833333333333333,False,8773517
1848,0.0,False,4491109
1849,0.015,False,4278913
1850,0.02333333333333333,False,3740262
1851,0.05666666666666667,False,820287
1852,0.024999999999999994,False,3942389
1853,0.0125,False,8020806
1854,0.03499999999999999,False,9188113
1855,0.025,False,1428100
1856,0.02333333333333333,False,92140
1857,0.05083333333333334,False,4340206
1858,0.2208333333333333,False,2210106
1859,0.0016666666666666666,False,2017860
1860,0.0,False,7345035
1861,0.0,False,8853618
1862,0.0,False,6028451
1863,0.021666666666666664,False,540422
1864,0.0,False,8134142
1865,0.026666666666666665,False,4622346
1866,0.005,False,6866932
1867,0.04416666666666667,False,8705083
1868,0.10583333333333333,False,5266519
1869,0.024999999999999994,False,7149989
1870,0.0,False,2483161
1871,0.006666666666666666,False,4300750
1872,0.2857142857142851,False,1954225
1873,0.005,False,5045853
1874,0.15250000000000002,False,8156715
1875,0.01916666666666667,False,9353953
1876,0.003333333333333333,False,2173859
1877,0.0,False,5653968
1878,0.0016666666666666666,False,2581124
1879,0.0,False,5899936
1880,0.1525,False,2674913
1881,0.2857142857142851,False,2293838
1882,0.016666666666666666,False,7088945
1883,0.1333333333333332,False,9100329
1884,0.13499999999999995,False,5549292
1885,0.10749999999999997,False,4137676
1886,0.0025,False,7821982
1887,0.0,False,1260516
1888,0.0,False,3622203
1889,0.0,False,4045549
1890,0.013333333333333332,False,1922874
1891,0.02416666666666667,False,6453775
1892,0.1333333333333332,False,9100329
1893,0.008333333333333333,False,724802
1894,0.021666666666666664,False,2378672
1895,0.05583333333333334,False,9069584
1896,0.05000000000000004,False,2720558
1897,0.0,False,7162869
1898,0.0025,False,5522420
1899,0.0,False,5733994
1900,0.018333333333333333,False,6397749
1901,0.08916666666666664,False,2700940
1902,0.0016666666666666666,False,4212210
1903,0.0016666666666666666,False,5170140
1904,0.0,False,7911769
1905,0.0025,False,4864900
1906,0.0,False,6461754
1907,0.0016666666666666666,False,8601610
1908,0.006666666666666666,False,4147552
1909,0.0,False,6859667
1910,0.18583333333333332,False,9822269
1911,0.10833333333333334,False,3486964
1912,0.005,False,2426472
1913,0.0,False,5899936
1914,0.0,False,6577298
1915,0.011666666666666665,False,8614576
1916,0.0,False,6859667
1917,0.0,False,5923627
1918,0.0,False,1693518
1919,0.028333333333333325,False,1570289
1920,0.003333333333333333,False,6994608
1921,0.018333333333333333,False,2016788
1922,0.13250000000000003,False,2859017
1923,0.0016666666666666666,False,2370401
1924,0.0,False,7481215
1925,0.015,False,3166557
1926,0.02333333333333333,False,1474080
1927,0.0,False,6509541
1928,0.19249999999999992,False,7725159
1929,0.0,False,9138531
1930,0.21916666666666668,False,2716478
1931,0.018333333333333333,False,1590556
1932,0.008333333333333333,False,2295217
1933,0.006666666666666666,False,4181276
1934,0.10833333333333332,False,2337641
1935,0.09500000000000001,False,8867428
1936,0.0825,False,5991468
1937,0.04916666666666665,False,4224452
1938,0.008333333333333333,False,6024007
1939,0.04499999999999999,False,1268833
1940,0.0375,False,5308603
1941,0.1225,False,1897984
1942,0.05833333333333335,False,5021938
1943,0.009999999999999998,False,2850575
1944,0.0,False,6839830
1945,0.0,False,7463621
1946,0.05833333333333335,False,1190818
1947,0.06916666666666665,False,1412153
1948,0.0,False,6461754
1949,0.15250000000000005,False,9137566
1950,0.0,False,7498302
1951,0.009166666666666667,False,3767300
1952,0.10833333333333331,False,4339987
1953,0.04333333333333332,False,1546185
1954,0.1366666666666666,False,1276276
1955,0.0,False,7732106
1956,0.02666666666666666,False,2442024
1957,0.0,False,5561197
1958,0.003333333333333333,False,3550011
1959,0.10000000000000002,False,8486219
1960,0.04166666666666665,False,6474229
1961,0.0,False,1599117
1962,0.02333333333333333,False,626809
1963,0.2857142857142851,False,6739918
1964,0.04750000000000001,False,1227473
1965,0.018333333333333333,False,4978592
1966,0.17666666666666664,False,8000046
1967,0.04416666666666666,False,1541252
1968,0.0,False,3622203
1969,0.0,False,1919907
1970,0.02583333333333333,False,1533943
1971,0.015,False,1198551
1972,0.11,False,5451167
1973,0.0,False,9138531
1974,0.0,False,5473118
1975,0.10666666666666666,False,4728720
1976,0.03333333333333332,False,376200
1977,0.095,False,9181030
1978,0.011666666666666665,False,6249896
1979,0.0016666666666666666,False,4827910
1980,0.006666666666666666,False,7057514
1981,0.0,False,5899936
1982,0.0,False,3108964
1983,0.0,False,8711631
1984,0.003333333333333333,False,4003852
1985,0.0,False,5561197
1986,0.0016666666666666666,False,2581124
1987,0.05000000000000004,False,6259239
1988,0.024999999999999994,False,8081239
1989,0.0475,False,5604041
1990,0.0,False,872995
1991,0.028333333333333325,False,1105726
1992,0.0,False,6310412
1993,0.06416666666666666,False,2824259
1994,0.0,False,5934642
1995,0.0,False,2870052
1996,0.21916666666666668,False,7327146
1997,0.08083333333333334,False,5731752
1998,0.0,False,7783488
1999,0.2857142857142851,False,1740466
2000,0.0016666666666666666,False,4212210
2001,0.027499999999999997,False,5221552
2002,0.01,False,1959326
2003,0.020833333333333336,False,2575293
2004,0.028333333333333325,False,1105726
2005,0.0,False,7910347
2006,0.0,False,1190857
2007,0.003333333333333333,False,6958689
2008,0.0,False,2117792
2009,0.02083333333333333,False,5927455
2010,0.021666666666666664,False,2644036
2011,0.0,False,8705144
2012,0.0,False,8967613
2013,0.024999999999999994,False,4271840
2014,0.05249999999999999,False,7394420
2015,0.0,False,6408486
2016,0.10999999999999995,False,4077281
2017,0.0,False,1870184
2018,0.0,False,7389429
2019,0.08166666666666672,False,3445477
2020,0.15333333333333332,False,4159330
2021,0.0,False,6372951
2022,0.10083333333333334,False,7703164
2023,0.14833333333333332,False,4316134
2024,0.0575,False,1376351
2025,0.05000000000000004,False,8852088
2026,0.0,False,4891084
2027,0.0,False,5653968
2028,0.008333333333333333,False,4706721
2029,0.0,False,6577298
2030,0.009999999999999998,False,2850575
2031,0.022499999999999996,False,1277143
2032,0.0,False,4703930
2033,0.03666666666666665,False,7444582
2034,0.04333333333333332,False,5969492
2035,0.04416666666666667,False,8142628
2036,0.006666666666666666,False,7057514
2037,0.009999999999999998,False,3871460
2038,0.1758333333333333,False,4202311
2039,0.0,False,7481215
2040,0.013333333333333332,False,637922
2041,0.0,False,1077256
2042,0.0475,False,8675384
2043,0.15499999999999997,False,3878333
2044,0.0016666666666666666,False,99596
2045,0.12166666666666667,False,5768827
2046,0.0,False,4174932
2047,0.10999999999999995,False,4077281
2048,0.0975,False,1102347
2049,0.2891666666666664,False,1678679
2050,0.006666666666666666,False,1892312
2051,0.005833333333333333,False,6648351
2052,0.0,False,4212062
2053,0.0,False,2870052
2054,0.04333333333333333,False,5526456
2055,0.009999999999999998,False,918586
2056,0.0016666666666666666,False,8505336
2057,0.0,False,6021783
2058,0.06666666666666667,False,1217056
2059,0.024166666666666666,False,3992162
2060,0.0,False,3534225
2061,0.03333333333333332,False,376200
2062,0.011666666666666665,False,4107386
2063,0.0,False,7817050
2064,0.11083333333333334,False,4475391
2065,0.04333333333333332,False,3866642
2066,0.0125,False,7858504
2067,0.0,False,6921742
2068,0.02416666666666667,False,2196763
2069,0.0,False,4227692
2070,0.02,False,555911
2071,0.02333333333333333,False,1474080
2072,0.1908333333333333,False,3418212
2073,0.018333333333333333,False,2393892
2074,0.06916666666666665,False,490561
2075,0.04166666666666665,False,5046242
2076,0.021666666666666664,False,6156665
2077,0.11249999999999999,False,6061003
2078,0.0016666666666666666,False,2370401
2079,0.04666666666666666,False,1430651
2080,0.0,False,7181534
2081,0.07416666666666667,False,9350982
2082,0.028333333333333325,False,2824516
2083,0.016666666666666666,False,4027773
2084,0.0,False,3113591
2085,0.10916666666666669,False,4235440
2086,0.006666666666666666,False,2036135
2087,0.0,False,6372951
2088,0.008333333333333333,False,3795547
2089,0.008333333333333333,False,1198657
2090,0.0875,False,1666227
2091,0.0016666666666666666,False,2691514
2092,0.0,False,5923627
2093,0.0,False,7986000
2094,0.0,False,7481215
2095,0.02166666666666667,False,5166224
2096,0.18416666666666662,False,2118401
2097,0.0016666666666666666,False,8925839
2098,0.013333333333333332,False,2055630
2099,0.0,False,2875900
2100,0.0,False,1613897
2101,0.006666666666666666,False,821688
2102,0.0016666666666666666,False,2841492
2103,0.005,False,5400125
2104,0.16833333333333336,False,6809407
2105,0.0975,False,6033632
2106,0.0,False,958509
2107,0.0,False,2875900
2108,0.0,False,5296662
2109,0.11416666666666667,False,4521985
2110,0.019999999999999997,False,576698
2111,0.03666666666666665,False,5332448
2112,0.0,False,6577298
2113,0.0,False,7463621
2114,0.18249999999999997,False,940344
2115,0.003333333333333333,False,7013176
2116,0.021666666666666664,False,2644036
2117,0.0,False,7315725
2118,0.12916666666666665,False,5282505
2119,0.0175,False,6332678
2120,0.0,False,6461754
2121,0.024999999999999994,False,2347760
2122,0.013333333333333332,False,5072792
2123,0.09166666666666666,False,6452858
2124,0.0175,False,3378409
2125,0.0,False,1108328
2126,0.0,False,3897491
2127,0.008333333333333333,False,486333
2128,0.038333333333333316,False,594169
2129,0.03833333333333333,False,4461152
2130,0.0,False,1613897
2131,0.032499999999999994,False,5748429
2132,0.07333333333333335,False,8741555
2133,0.0,False,9370323
2134,0.016666666666666666,False,1878774
2135,0.0,False,4429913
2136,0.135,False,1292371
2137,0.04416666666666666,False,3627982
2138,0.0325,False,1401823
2139,0.0,False,9138531
2140,0.03499999999999999,False,1983077
2141,0.04166666666666665,False,3560408
2142,0.018333333333333333,False,659457
2143,0.0,False,2505899
2144,0.05750000000000001,False,8584170
2145,0.07666666666666666,False,1511559
2146,0.06333333333333334,False,7236370
2147,0.04499999999999999,False,946810
2148,0.013333333333333332,False,1189243
2149,0.03333333333333332,False,3833762
2150,0.0,False,1870184
2151,0.2133333333333332,False,6739693
2152,0.031666666666666655,False,6159581
2153,0.0475,False,4367159
2154,0.0666666666666667,False,1342686
2155,0.05083333333333333,False,1828196
2156,0.0275,False,4498578
2157,0.2191666666666667,False,1776178
2158,0.0016666666666666666,False,4062082
2159,0.05916666666666667,False,1441885
2160,0.02,False,157710
2161,0.03333333333333332,False,553902
2162,0.006666666666666666,False,4181276
2163,0.021666666666666664,False,5479140
2164,0.005,False,5147109
2165,0.013333333333333332,False,6123829
2166,0.003333333333333333,False,2488952
2167,0.003333333333333333,False,1377479
2168,0.031666666666666655,False,4332470
2169,0.25333333333333374,False,4897013
2170,0.013333333333333332,False,2765830
2171,0.003333333333333333,False,486555
2172,0.04,False,4911082
2173,0.0,False,3897491
2174,0.06333333333333335,False,1622407
2175,0.06833333333333334,False,860186
2176,0.02333333333333333,False,9425061
2177,0.006666666666666666,False,1128246
2178,0.03749999999999999,False,7115398
2179,0.1325,False,1665022
2180,0.0675,False,3175332
2181,0.05333333333333334,False,8088487
2182,0.006666666666666666,False,821688
2183,0.0,False,8692574
2184,0.0016666666666666666,False,2022174
2185,0.01916666666666667,False,3782208
2186,0.03666666666666665,False,7444582
2187,0.0,False,7830685
2188,0.0275,False,1791309
2189,0.008333333333333333,False,9022565
2190,0.0,False,6021783
2191,0.003333333333333333,False,4968533
2192,0.13583333333333333,False,3440292
2193,0.0,False,7181534
2194,0.0,False,1134790
2195,0.0,False,872995
2196,0.003333333333333333,False,486555
2197,0.0,False,877236
2198,0.05666666666666668,False,4364542
2199,0.009999999999999998,False,3292295
2200,0.0,False,1569967
2201,0.008333333333333333,False,486333
2202,0.015,False,7112848
2203,0.13249999999999998,False,4718618
2204,0.011666666666666665,False,6249896
2205,0.08333333333333334,False,1166481
2206,0.006666666666666666,False,5488730
2207,0.0,False,3233964
2208,0.21583333333333324,False,745854
2209,0.0,False,7389429
2210,0.05833333333333335,False,1190818
2211,0.02,False,8742157
2212,0.027500000000000004,False,2713897
2213,0.018333333333333333,False,7954803
2214,0.0,False,7498302
2215,0.005833333333333333,False,5042963
2216,0.03999999999999998,False,7674946
2217,0.0016666666666666666,False,1991320
2218,0.0,False,5970238
2219,0.0,False,3534225
2220,0.0,False,5934642
2221,0.0475,False,6215367
2222,0.1308333333333333,False,7920763
2223,0.05833333333333335,False,2118301
2224,0.0,False,6888806
2225,0.011666666666666665,False,3034437
2226,0.20750000000000005,False,6767703
2227,0.0,False,4726192
2228,0.0,False,4326654
2229,0.0016666666666666666,False,5568006
2230,0.003333333333333333,False,2488952
2231,0.2091666666666666,False,7998412
2232,0.005,False,2905881
2233,0.0,False,5934642
2234,0.21,False,8227916
2235,0.0,False,8705144
2236,0.0,False,7550492
2237,0.025,False,5058567
2238,0.07416666666666667,False,2718387
2239,0.08583333333333332,False,5313473
2240,0.0,False,6508152
2241,0.05583333333333334,False,6007749
2242,0.0,False,4575362
2243,0.0,False,8305302
2244,0.003333333333333333,False,7613563
2245,0.0,False,6558258
2246,0.006666666666666666,False,5601988
2247,0.04499999999999999,False,1268833
2248,0.018333333333333333,False,7954803
2249,0.0,False,8536207
2250,0.038333333333333316,False,1066411
2251,0.028333333333333325,False,4327760
2252,0.0,False,8499692
2253,0.02666666666666666,False,9394133
2254,0.0,False,9818808
2255,0.013333333333333332,False,7198452
2256,0.0,False,4212062
2257,0.0,False,7463621
2258,0.047499999999999994,False,6980813
2259,0.2475000000000001,False,7512216
2260,0.04666666666666667,False,459701
2261,0.035833333333333335,False,1215396
2262,0.12333333333333335,False,6178182
2263,0.24416666666666656,False,1742295
2264,0.2857142857142851,False,2293838
2265,0.013333333333333332,False,1555809
2266,0.025833333333333333,False,4202272
2267,0.0,False,4707465
2268,0.003333333333333333,False,7339978
2269,0.1191666666666666,False,2115475
2270,0.0,False,8705144
2271,0.0,False,9398649
2272,0.0,False,4837045
2273,0.016666666666666666,False,3310069
2274,0.13249999999999998,False,6044359
2275,0.02333333333333333,False,4779119
2276,0.0,False,1693518
2277,0.0,False,8957722
2278,0.07583333333333334,False,1735247
2279,0.05833333333333333,False,2671082
2280,0.0,False,1134790
2281,0.0,False,8782897
2282,0.0,False,2515716
2283,0.05916666666666667,False,984819
2284,0.333333333333334,False,7518223
2285,0.0,False,7817050
2286,0.003333333333333333,False,4174765
2287,0.05833333333333335,False,5021938
2288,0.006666666666666666,False,6473581
2289,0.0,False,8979922
2290,0.024999999999999994,False,1869621
2291,0.003333333333333333,False,1979513
2292,0.013333333333333332,False,637922
2293,0.0,False,2512454
2294,0.05000000000000004,False,4608241
2295,0.05166666666666666,False,3831718
2296,0.013333333333333332,False,6450551
2297,0.003333333333333333,False,1436748
2298,0.0766666666666667,False,349495
2299,0.006666666666666666,False,4300750
2300,0.008333333333333333,False,1348134
2301,0.0,False,537380
2302,0.0,False,3108964
2303,0.04166666666666667,False,4520548
2304,0.021666666666666664,False,540422
2305,0.029999999999999992,False,820333
2306,0.12,False,7701927
2307,0.0016666666666666666,False,9392213
2308,0.0,False,4726192
2309,0.006666666666666666,False,5409147
2310,0.016666666666666666,False,1624023
2311,0.25,False,3158507
2312,0.0,False,8960578
2313,0.0,False,4429913
2314,0.0,False,5733994
2315,0.013333333333333332,False,3113189
2316,0.024999999999999994,False,6355246
2317,0.003333333333333333,False,1365304
2318,0.028333333333333325,False,3209000
2319,0.21333333333333335,False,669331
2320,0.005,False,7287456
2321,0.0983333333333333,False,5183520
2322,0.0,False,1569967
2323,0.05000000000000004,False,5083908
2324,0.06833333333333334,False,3839573
2325,0.0,False,6325014
2326,0.0,False,6588764
2327,0.016666666666666666,False,5812038
2328,0.0,False,4833222
2329,0.008333333333333333,False,2295217
2330,0.06250000000000001,False,1838486
2331,0.0,False,5733994
2332,0.05750000000000001,False,2991786
2333,0.0,False,7181534
2334,0.005,False,2885245
2335,0.0,False,6265534
2336,0.13083333333333333,False,5718960
2337,0.016666666666666666,False,897560
2338,0.005,False,2512417
2339,0.15750000000000006,False,4558728
2340,0.25416666666666665,False,6919484
2341,0.0,False,5809689
2342,0.0,False,5947834
2343,0.2658333333333332,False,4268490
2344,0.2857142857142851,False,6739918
2345,0.05166666666666666,False,6248524
2346,0.039166666666666655,False,709566
2347,0.015,False,4726421
2348,0.016666666666666666,False,7556974
2349,0.1275,False,502856
2350,0.08333333333333334,False,1188177
2351,0.02666666666666666,False,3139734
2352,0.19,False,478147
2353,0.021666666666666664,False,5479140
2354,0.015,False,1198551
2355,0.0,False,1487262
2356,0.0,False,4139615
2357,0.08500000000000002,False,4108321
2358,0.0875,False,462391
2359,0.005,False,2512417
2360,0.06916666666666667,False,9696994
2361,0.12833333333333333,False,1763045
2362,0.17916666666666675,False,2453026
2363,0.029999999999999992,False,820333
2364,0.0,False,615124
2365,0.0,False,1569967
2366,0.021666666666666664,False,1190225
2367,0.0,False,6310412
2368,0.0,False,8745628
2369,0.12000000000000002,False,1230025
2370,0.003333333333333333,False,8644086
2371,0.0,False,4837045
2372,0.07833333333333334,False,8356763
2373,0.0,False,1073052
2374,0.018333333333333333,False,1216960
2375,0.0,False,6310412
2376,0.018333333333333333,False,6727251
2377,0.0,False,3521814
2378,0.0,False,6322307
2379,0.12250000000000001,False,9095099
2380,0.03499999999999999,False,4863248
2381,0.02583333333333333,False,4607711
2382,0.0075,False,3496778
2383,0.003333333333333333,False,5020362
2384,0.0,False,8499692
2385,0.0,False,9442092
2386,0.02333333333333333,False,92140
2387,0.24416666666666667,False,2959362
2388,0.08083333333333333,False,1866299
2389,0.08583333333333332,False,3137602
2390,0.03999999999999998,False,7674946
2391,0.015,False,6732031
2392,0.0,False,5473118
2393,0.028333333333333325,False,203799
2394,0.02666666666666666,False,5281639
2395,0.09083333333333332,False,2025552
2396,0.003333333333333333,False,3158486
2397,0.019166666666666665,False,5490769
2398,0.015,False,9096483
2399,0.009999999999999998,False,2670782
2400,0.07916666666666668,False,6497417
2401,0.0,False,5531889
2402,0.0,False,7713140
2403,0.0,False,1881868
2404,0.027500000000000004,False,9460104
2405,0.009999999999999998,False,548298
2406,0.0,False,7207010
2407,0.005,False,469615
2408,0.0,False,1599117
2409,0.0016666666666666666,False,2985514
2410,0.11,False,6635219
2411,0.04166666666666666,False,5178004
2412,0.0,False,7910347
2413,0.0375,False,2128299
2414,0.0,False,3834659
2415,0.0,False,1073052
2416,0.05749999999999999,False,5461975
2417,0.0,False,4594622
2418,0.0,False,7569174
2419,0.02333333333333333,False,7611346
2420,0.0,False,468786
2421,0.005,False,1073059
2422,0.0,False,5531889
2423,0.0,False,2117915
2424,0.2041666666666666,False,821915
2425,0.05000000000000004,False,8852088
2426,0.15749999999999997,False,3522536
2427,0.018333333333333333,False,2801071
2428,0.0,False,2117792
2429,0.0875,False,5973926
2430,0.0,False,3834659
2431,0.06416666666666666,False,2691847
2432,0.0,False,468786
2433,0.0,False,8853618
2434,0.0525,False,992202
2435,0.0,False,2475408
2436,0.018333333333333333,False,659457
2437,0.038333333333333316,False,1589909
2438,0.1158333333333333,False,1406089
2439,0.0,False,3622203
2440,0.03499999999999999,False,9188113
2441,0.0,False,4429913
2442,0.003333333333333333,False,6428756
2443,0.003333333333333333,False,1842305
2444,0.05000000000000004,False,1069445
2445,0.018333333333333333,False,1539163
2446,0.05166666666666666,False,722809
2447,0.003333333333333333,False,7613563
2448,0.003333333333333333,False,5293064
2449,0.09166666666666666,False,8106877
2450,0.008333333333333333,False,1403603
2451,0.0,False,3977539
2452,0.016666666666666666,False,4620291
2453,0.018333333333333333,False,1590556
2454,0.14249999999999996,False,4035471
2455,0.008333333333333333,False,1449103
2456,0.04166666666666666,False,5594467
2457,0.0,False,4227692
2458,0.02666666666666666,False,9394133
2459,0.04166666666666667,False,5149047
2460,0.018333333333333333,False,5860935
2461,0.024999999999999994,False,7149989
2462,0.0,False,1487262
2463,0.08333333333333334,False,5691406
2464,0.02333333333333333,False,2500131
2465,0.018333333333333333,False,4779210
2466,0.0,False,1077256
2467,0.04333333333333332,False,5969492
2468,0.01833333333333333,False,3258154
2469,0.005,False,5147109
2470,0.15666666666666668,False,5921918
2471,0.016666666666666666,False,4620291
2472,0.0,False,8305302
2473,0.05999999999999999,False,3032820
2474,0.055,False,2177863
2475,0.0,False,5934642
2476,0.12416666666666668,False,2392977
2477,0.0,False,6325014
2478,0.05000000000000004,False,113041
2479,0.0425,False,5961605
2480,0.05,False,1548779
2481,0.2857142857142851,False,2129352
2482,0.11999999999999998,False,1816369
2483,0.0,False,7389429
2484,0.12416666666666668,False,8913492
2485,0.024166666666666666,False,7812140
2486,0.0,False,673300
2487,0.0,False,5038360
2488,0.0016666666666666666,False,5570612
2489,0.0,False,3521814
2490,0.06083333333333333,False,5679214
2491,0.006666666666666666,False,6473581
2492,0.0,False,6265534
2493,0.09583333333333334,False,5754834
2494,0.038333333333333316,False,1066411
2495,0.0,False,3836847
2496,0.10916666666666666,False,7219743
2497,0.0,False,4212062
2498,0.0,False,7817050
2499,0.0,False,8705144
2500,0.008333333333333333,False,1198657
2501,0.02666666666666666,False,3139734
2502,0.0016666666666666666,False,7795777
2503,0.0016666666666666666,False,8505336
2504,0.031666666666666655,False,3832490
2505,0.018333333333333333,False,2016788
2506,0.0225,False,5831301
2507,0.0,False,1403471
2508,0.011666666666666665,False,4936637
2509,0.333333333333334,False,5674794
2510,0.0,False,8692574
2511,0.01583333333333333,False,1996350
2512,0.0,False,4491109
2513,0.0,False,4660207
2514,0.02333333333333333,False,7611346
2515,0.0,False,3553000
2516,0.051666666666666666,False,2514226
2517,0.0,False,1599117
2518,0.0,False,100167
2519,0.10333333333333333,False,872943
2520,0.003333333333333333,False,996528
2521,0.04750000000000001,False,5829863
2522,0.0,False,7911769
2523,0.0,False,1881868
2524,0.05000000000000004,False,5141940
2525,0.0,False,9694048
2526,0.0,False,8957722
2527,0.0,False,3523355
2528,0.016666666666666666,False,5812038
2529,0.0,False,5034333
2530,0.061666666666666675,False,3803808
2531,0.05583333333333333,False,8646657
2532,0.005,False,2885245
2533,0.01916666666666667,False,3551691
2534,0.0,False,7732106
2535,0.13333333333333333,False,1377425
2536,0.006666666666666666,False,3371560
2537,0.09916666666666667,False,1659620
2538,0.05,False,1548779
2539,0.2857142857142851,False,5737899
2540,0.028333333333333325,False,203799
2541,0.03333333333333333,False,2116108
2542,0.1591666666666667,False,6241129
2543,0.0,False,1870184
2544,0.0175,False,7558428
2545,0.09583333333333334,False,2121662
2546,0.0525,False,8530276
2547,0.02333333333333333,False,9425061
2548,0.03166666666666666,False,7563563
2549,0.01583333333333333,False,7976927
2550,0.08666666666666668,False,3690350
2551,0.03833333333333334,False,1448743
2552,0.009999999999999998,False,3835801
2553,0.003333333333333333,False,7563659
2554,0.009999999999999998,False,2670782
2555,0.10333333333333332,False,4773672
2556,0.05083333333333334,False,4240399
2557,0.0,False,7783488
2558,0.0,False,1406743
2559,0.05333333333333334,False,8088487
2560,0.0,False,6325014
2561,0.031666666666666655,False,4332470
2562,0.0,False,8979922
2563,0.02749999999999999,False,779719
2564,0.12916666666666665,False,5843936
2565,0.09416666666666669,False,7054816
2566,0.01,False,2265146
2567,0.0016666666666666666,False,7101438
2568,0.1741666666666666,False,4224792
2569,0.0,False,4660207
2570,0.029166666666666664,False,4530023
2571,0.05500000000000002,False,4788017
2572,0.0,False,881434
2573,0.01583333333333333,False,7199018
2574,0.015,False,1953416
2575,0.07,False,3534409
2576,0.016666666666666666,False,1717825
2577,0.02666666666666666,False,2442024
2578,0.0,False,2080948
2579,0.006666666666666666,False,470323
2580,0.02333333333333333,False,2500131
2581,0.0,False,6588764
2582,0.0,False,1415558
2583,0.11166666666666662,False,1262533
2584,0.0016666666666666666,False,5570612
2585,0.065,False,5318433
2586,0.0,False,3836847
2587,0.0,False,6372951
2588,0.2216666666666666,False,1387059
2589,0.0,False,8026715
2590,0.0016666666666666666,False,9394138
2591,0.030833333333333334,False,3311085
2592,0.009999999999999998,False,6178845
2593,0.0,False,2117915
2594,0.2375,False,939794
2595,0.05833333333333333,False,4359190
2596,0.0,False,8536207
2597,0.02,False,555911
2598,0.15666666666666665,False,2981530
2599,0.03666666666666667,False,2236967
2600,0.029999999999999992,False,7241197
2601,0.0,False,6560734
2602,0.2857142857142851,False,2672166
2603,0.13666666666666652,False,6510002
2604,0.003333333333333333,False,1879308
2605,0.0,False,4254658
2606,0.0016666666666666666,False,1594586
2607,0.15,False,8597522
2608,0.006666666666666666,False,1299294
2609,0.003333333333333333,False,3158486
2610,0.0,False,4107344
2611,0.06833333333333332,False,5589113
2612,0.07583333333333332,False,7876206
2613,0.021666666666666664,False,7257062
2614,0.009999999999999998,False,6408433
2615,0.23166666666666663,False,3799977
2616,0.0,False,3233964
2617,0.003333333333333333,False,2760998
2618,0.09166666666666665,False,7830521
2619,0.027499999999999997,False,1677637
2620,0.032499999999999994,False,8256682
2621,0.20333333333333337,False,606177
2622,0.0,False,8536207
2623,0.0016666666666666666,False,9595767
2624,0.0,False,8927578
2625,0.020833333333333336,False,7112901
2626,0.04,False,6207740
2627,0.011666666666666665,False,6204112
2628,0.008333333333333333,False,6411509
2629,0.0,False,5531889
2630,0.04083333333333333,False,1448966
2631,0.0,False,8305302
2632,0.0016666666666666666,False,1277167
2633,0.049166666666666664,False,3158143
2634,0.003333333333333333,False,1879308
2635,0.25,False,1226493
2636,0.0475,False,1493112
2637,0.0,False,2080948
2638,0.008333333333333333,False,6024007
2639,0.0,False,5038360
2640,0.018333333333333333,False,4779210
2641,0.105,False,1623172
2642,0.03083333333333333,False,6703227
2643,0.02,False,157710
2644,0.2857142857142851,False,6651224
2645,0.021666666666666664,False,1190225
2646,0.0,False,8536207
2647,0.0,False,8801605
2648,0.05833333333333335,False,3615713
2649,0.0,False,1073052
2650,0.014166666666666666,False,4973642
2651,0.05666666666666668,False,4364542
2652,0.009166666666666667,False,7500032
2653,0.02333333333333333,False,4810358
2654,0.02666666666666667,False,1301389
2655,0.07,False,5086640
2656,0.0,False,5561197
2657,0.013333333333333332,False,667874
2658,0.0,False,5034333
2659,0.0,False,3836847
2660,0.0,False,8927578
2661,0.0,False,1693518
2662,0.005,False,7287456
2663,0.029999999999999992,False,7241197
2664,0.0,False,7768279
2665,0.6475000000000017,False,6831813
2666,0.0016666666666666666,False,5170140
2667,0.0,False,881434
2668,0.065,False,8965624
2669,0.028333333333333332,False,5086781
2670,0.12750000000000003,False,4860191
2671,0.006666666666666666,False,1004656
2672,0.05000000000000004,False,166143
2673,0.005,False,998680
2674,0.24083333333333326,False,5778851
2675,0.011666666666666665,False,4936637
2676,0.06000000000000001,False,3193571
2677,0.0,False,2875900
2678,0.03666666666666665,False,5332448
2679,0.0,False,2870052
2680,0.105,False,7187529
2681,0.0,False,7162869
2682,0.0,False,1693518
2683,0.11500000000000002,False,636671
2684,0.04083333333333333,False,1263607
2685,0.009999999999999998,False,7604494
2686,0.14916666666666664,False,2676974
2687,0.008333333333333333,False,3795547
2688,0.12666666666666668,False,5121862
2689,0.07666666666666667,False,5133037
2690,0.479166666666667,False,4445665
2691,0.022499999999999996,False,4240601
2692,0.0,False,8164928
2693,0.19999999999999996,False,4920698
2694,0.029999999999999995,False,2790410
2695,0.0016666666666666666,False,9595767
2696,0.0,False,673300
2697,0.05500000000000001,False,1449201
2698,0.05000000000000004,False,1069445
2699,0.026666666666666665,False,4179627
2700,0.008333333333333333,False,3845115
2701,0.005833333333333333,False,2355664
2702,0.2857142857142851,False,2293838
2703,0.0,False,7207010
2704,0.011666666666666665,False,6625290
2705,0.0,False,8637194
2706,0.016666666666666666,False,1624023
2707,0.0,False,6560734
2708,0.01583333333333333,False,7638892
2709,0.11999999999999997,False,7191864
2710,0.0,False,4703930
2711,0.03499999999999999,False,8751962
2712,0.02333333333333333,False,5546056
2713,0.0,False,7463621
2714,0.003333333333333333,False,6428756
2715,0.04166666666666665,False,3560408
2716,0.02666666666666666,False,3466439
2717,0.003333333333333333,False,2637920
2718,0.18,False,2115361
2719,0.0,False,6257596
2720,0.0,False,3521814
2721,0.0,False,3553306
2722,0.021666666666666664,False,4585183
2723,0.0,False,4212062
2724,0.09416666666666668,False,1919363
2725,0.0,False,6560734
2726,0.0,False,3108964
2727,0.0,False,2875900
2728,0.014166666666666666,False,2726040
2729,0.0275,False,1066341
2730,0.0,False,9679378
2731,0.0,False,5296662
2732,0.003333333333333333,False,3757544
2733,0.0,False,8853618
2734,0.031666666666666655,False,6159581
2735,0.0,False,3523355
2736,0.038333333333333316,False,594169
2737,0.05749999999999999,False,9806890
2738,0.021666666666666664,False,7442669
2739,0.02333333333333333,False,5546056
2740,0.0,False,9642721
2741,0.013333333333333332,False,7198452
2742,0.04333333333333332,False,1546185
2743,0.07333333333333332,False,5557975
2744,0.0975,False,649274
2745,0.05000000000000004,False,113041
2746,0.08666666666666666,False,6522721
2747,0.010833333333333332,False,1819450
2748,0.024999999999999994,False,1295199
2749,0.06916666666666667,False,4585711
2750,0.022499999999999996,False,1606117
2751,0.049166666666666664,False,8228768
2752,0.024999999999999994,False,1295199
2753,0.14999999999999997,False,165200
2754,0.11583333333333336,False,6205827
2755,0.021666666666666664,False,1188402
2756,0.13750000000000004,False,7204985
2757,0.0,False,8305302
2758,0.0,False,1104183
2759,0.04166666666666666,False,3575629
2760,0.0,False,8026715
2761,0.005833333333333333,False,5562899
2762,0.016666666666666666,False,4208451
2763,0.09833333333333333,False,3115642
2764,0.005,False,8162240
2765,0.03499999999999999,False,1086719
2766,0.03666666666666666,False,3658458
2767,0.04333333333333332,False,3866642
2768,0.08166666666666672,False,2494719
2769,0.09583333333333334,False,1190678
2770,0.024166666666666666,False,7236344
2771,0.0,False,4594622
2772,0.03333333333333332,False,3833762
2773,0.03499999999999999,False,1086719
2774,0.0,False,5970238
2775,0.0,False,5981495
2776,0.18749999999999992,False,2402783
2777,0.0,False,7389429
2778,0.03666666666666667,False,7608444
2779,0.0,False,2870052
2780,0.003333333333333333,False,996528
2781,0.0,False,8782897
2782,0.006666666666666666,False,5409147
2783,0.04166666666666666,False,5037653
2784,0.13166666666666665,False,3514319
2785,0.0,False,7507817
2786,0.03833333333333334,False,4534916
2787,0.006666666666666666,False,5488730
2788,0.02,False,8742157
2789,0.05166666666666666,False,656052
2790,0.0,False,3977539
2791,0.038333333333333316,False,1589909
2792,0.05666666666666668,False,4272209
2793,0.006666666666666666,False,7890027
2794,0.04,False,8578812
2795,0.0025,False,1211153
2796,0.0,False,2515716
2797,0.03333333333333333,False,4046021
2798,0.026666666666666665,False,2401635
2799,0.03416666666666666,False,4886424
2800,0.003333333333333333,False,6958689
2801,0.04833333333333333,False,7333976
2802,0.08249999999999998,False,7001865
2803,0.018333333333333333,False,6504414
2804,0.003333333333333333,False,6620288
2805,0.02,False,672421
2806,0.0,False,3836847
2807,0.0,False,8164928
2808,0.013333333333333332,False,667874
2809,0.09666666666666664,False,471813
2810,0.3933333333333334,False,3838149
2811,0.0,False,1190295
2812,0.0,False,9642721
2813,0.009999999999999998,False,3835801
2814,0.006666666666666666,False,7890027
2815,0.0125,False,3990787
2816,0.24666666666666667,False,2691752
2817,0.009999999999999998,False,548298
2818,0.0,False,1838269
2819,0.08500000000000002,False,4636089
2820,0.021666666666666664,False,2378672
2821,0.013333333333333332,False,5072792
2822,0.013333333333333332,False,6741503
2823,0.0,False,7911769
2824,0.013333333333333332,False,876836
2825,0.027499999999999997,False,1375149
2826,0.0016666666666666666,False,9394138
2827,0.05750000000000001,False,9079242
2828,0.0,False,8692574
2829,0.10166666666666668,False,2060010
2830,0.0866666666666667,False,3815900
2831,0.02,False,8203597
2832,0.028333333333333335,False,3335950
2833,0.05833333333333335,False,9657006
2834,0.0,False,6310412
2835,0.016666666666666666,False,4027773
2836,0.0,False,5473118
2837,0.05000000000000004,False,2156896
2838,0.005833333333333333,False,6381527
2839,0.1875,False,2870233
2840,0.0,False,1108328
2841,0.013333333333333332,False,2670228
2842,0.0,False,1260516
2843,0.0,False,872995
2844,0.05333333333333332,False,842884
2845,0.034999999999999996,False,3953802
2846,0.03666666666666665,False,1277939
2847,0.04333333333333333,False,3567514
2848,0.028333333333333325,False,2389953
2849,0.035833333333333335,False,6867466
2850,0.0,False,9679378
2851,0.0016666666666666666,False,7101438
2852,0.1725,False,8580374
2853,0.0016666666666666666,False,7308442
2854,0.06666666666666667,False,5474101
2855,0.06666666666666667,False,5537654
2856,0.011666666666666665,False,9192321
2857,0.0275,False,3298157
2858,0.04666666666666666,False,604895
2859,0.0,False,8164928
2860,0.16083333333333336,False,5566423
2861,0.003333333333333333,False,4714797
2862,0.12083333333333336,False,3990915
2863,0.0,False,9679378
2864,0.005833333333333333,False,8827897
2865,0.013333333333333332,False,8632290
2866,0.0,False,4045549
2867,0.13749999999999996,False,651518
2868,0.009999999999999998,False,7259940
2869,0.0075,False,2691694
2870,0.04833333333333333,False,1226174
2871,0.06666666666666667,False,823927
2872,0.11166666666666669,False,485942
2873,0.2241666666666667,False,7911794
2874,0.0,False,7569174
2875,0.0,False,5947834
2876,0.0,False,2515716
2877,0.0,False,4589603
2878,0.0,False,958509
2879,0.0,False,4066997
2880,0.08833333333333332,False,3812265
2881,0.0,False,8692574
2882,0.04166666666666665,False,9394114
2883,0.0,False,7739625
2884,0.026666666666666665,False,2132666
2885,0.0,False,1651912
2886,0.07,False,486829
2887,0.0,False,4833222
2888,0.003333333333333333,False,2760998
2889,0.015,False,996887
2890,0.2857142857142851,False,5224188
2891,0.015,False,5349782
2892,0.003333333333333333,False,1365304
2893,0.016666666666666666,False,6382893
2894,0.0,False,4707465
2895,0.0,False,3113591
2896,0.013333333333333332,False,2670228
2897,0.08083333333333335,False,8597691
2898,0.0016666666666666666,False,4413987
2899,0.07,False,7195367
2900,0.024166666666666666,False,36822
2901,0.0,False,3113591
2902,0.05,False,107292
2903,0.003333333333333333,False,3550011
2904,0.024999999999999994,False,4837595
2905,0.105,False,714120
2906,0.04833333333333334,False,6553751
2907,0.0666666666666667,False,1342686
2908,0.0,False,5809689
2909,0.031666666666666655,False,1409169
2910,0.25,False,3158507
2911,0.0,False,4254658
2912,0.04166666666666665,False,9394114
2913,0.0016666666666666666,False,7795777
2914,0.10166666666666666,False,2040251
2915,0.016666666666666666,False,4208451
2916,0.004166666666666667,False,4804422
2917,0.1283333333333333,False,8447124
2918,0.015,False,4726421
2919,0.10249999999999998,False,734137
2920,0.0,False,6257596
2921,0.0,False,1919907
2922,0.0,False,6577298
2923,0.006666666666666666,False,6956398
2924,0.0,False,8026715
2925,0.0,False,5923627
2926,0.0,False,1569967
2927,0.0,False,8026715
2928,0.0,False,3534225
2929,0.0,False,3897491
2930,0.0925,False,3744005
2931,0.0,False,8927578
2932,0.051666666666666666,False,2514226
2933,0.2857142857142851,False,2293838
2934,0.009999999999999998,False,7259940
2935,0.021666666666666664,False,691300
2936,0.0,False,5945245
2937,0.013333333333333332,False,2055630
2938,0.005,False,998680
2939,0.05249999999999999,False,2514412
2940,0.05000000000000004,False,8997936
2941,0.019166666666666665,False,5967776
2942,0.0,False,8801605
2943,0.0175,False,1133624
2944,0.04666666666666667,False,1448755
2945,0.028333333333333325,False,4327760
2946,0.049166666666666664,False,2253237
2947,0.05583333333333334,False,736568
2948,0.0,False,4066997
2949,0.0,False,1403471
2950,0.006666666666666666,False,2036135
2951,0.02666666666666666,False,3137396
2952,0.02,False,4439493
2953,0.0016666666666666666,False,1261034
2954,0.0,False,4891084
2955,0.0,False,8711631
2956,0.005,False,7829652
2957,0.0,False,3977539
2958,0.003333333333333333,False,8644086
2959,0.07333333333333332,False,5508372
2960,0.09333333333333331,False,9647566
2961,0.008333333333333333,False,1403603
2962,0.0,False,7345035
2963,0.10916666666666665,False,3991944
2964,0.0,False,881434
2965,0.011666666666666665,False,6625290
2966,0.0,False,7345035
2967,0.0016666666666666666,False,99596
2968,0.15249999999999997,False,7877402
2969,0.003333333333333333,False,5293064
2970,0.009999999999999998,False,3761363
2971,0.0,False,1077256
2972,0.0,False,2080948
2973,0.016666666666666666,False,1777482
2974,0.05583333333333334,False,8049760
2975,0.003333333333333333,False,4174765
2976,0.0,False,1104183
2977,0.0,False,4066997
2978,0.027500000000000004,False,6252254
2979,0.009999999999999998,False,2850549
2980,0.06916666666666665,False,6057066
2981,0.006666666666666666,False,1766119
2982,0.14499999999999996,False,5117368
2983,0.05000000000000004,False,4608241
